{
    "<page title>": "Polaroid Is426 16 Megapixel Compact Camera - Red - 2.4\" Lcd - 4x Optical Zoom - Pictbridge IS426RED Price Comparison at Buy.net",
    "brand name": "Polaroid",
    "builtin flash": "Yes",
    "camera modes": "Scene Modes: Portrait Night",
    "exposure control": "Auto",
    "maximum diopter adjustment": "No",
    "minimum diopter adjustment": "No",
    "number of batteries support": "1",
    "parent retsku": "B00DJGZIU4",
    "pictbridge": "Yes",
    "product model": "iS426",
    "viewfinder type": "No"
}