{
    "<page title>": "Canon IXUS 310 HS 12.1 Megapixel Compact Camera - Pink (3.2\" Touchscreen LCD - 4.4x Optical Zoom - Optical IS - 4000 X 3000 Image - 1920 X 1080 Video - HDMI - PictBridge - HD Movie Mode) Price Comparison at Buy.net",
    "camera type": "Compact Camera",
    "depth": "1 in",
    "digital zoom": "4x",
    "effective megapixels": "12.1 Megapixel",
    "flash": "Auto Flash|Flash OFF|Flash ON|Red-eye Reduction|Slow Sync|Flash Exposure Compensation",
    "focal length": "4.30 mm to 18.80 mm",
    "focal length 35mm equivalent": "24 mm to 105 mm",
    "height": "2.2 in",
    "image sensor": "BSI CMOS",
    "image stabilization": "Optical",
    "lcd screen size": "3.2 in",
    "maximum video capture resolution": "1920 x 1080",
    "memory card support": "Secure Digital (SD) Card|Secure Digital High Capacity (SDHC) Card|Secure Digital Extended Capacity (SDXC)|MMCplus|MultiMediaCard (MMC)|HC MMCplus",
    "optical zoom": "4.4 X",
    "url": "http://www.usa.canon.com",
    "weight": "6.53 oz",
    "width": "4 in"
}