{
    "<page title>": "Datamax-O'Neil SDR Label Ribbon (24) Price Comparison at Buy.net",
    "camera type": "Bridge Camera",
    "depth": "3.9 in",
    "digital zoom": "5x",
    "effective megapixels": "12 Megapixel",
    "flash": "Auto Flash|Flash OFF|Flash ON|Red-eye Reduction",
    "focal length": "4.60 mm to 119.60 mm",
    "height": "3.5 in",
    "image sensor": "CCD",
    "image stabilization": "Electronic|Optical",
    "installed memory": "22 MB",
    "interface connection": "1 x Proprietary|1 x HDMI|1 x DC Power In",
    "lcd screen size": "2.7 in",
    "lens mount": "Fixed",
    "max aperture": "2.8 1/f",
    "maximum video capture resolution": "640 x 480",
    "memory card support": "xD-Picture Card|microSD Card",
    "optical zoom": "26 X",
    "total pixels": "12700000",
    "url": "http://www.olympusamerica.com",
    "warranty information": "1 Year",
    "weight": "15.30 oz",
    "width": "4.3 in"
}