{
    "<page title>": "Vivitar ViviCam X020 Red Digital Camera (10.1 MP, 3x Opt) Price Comparison at Buy.net",
    "camera type": "Point & Shoot Digital Camera",
    "digital zoom": "4 X",
    "effective megapixels": "10100000 pixels",
    "flash": "Built-in Flash",
    "focal length": "36 mm to 108 mm",
    "interface connection": "USB",
    "lcd screen size": "2 in",
    "max aperture": "2.8 1/f",
    "optical zoom": "3 X",
    "url": "http://www.vivitar.com/products/1/digital-cameras/1034/vivicam-x020",
    "warranty information": "1 year(s)",
    "weight": "0.67 lbs"
}