{
    "<page title>": "Kodak ZxD Digital Camcorder - 2\" LCD - CMOS - HD (16:9 - QuickTime MOV, MPEG-4 - 2x Digital Zoom - 128 MB Flash Memory - Microphone, Speaker - HDMI - USB - Flash Memory, Memory Card) Price Comparison at Buy.net",
    "battery include": "Yes",
    "battery rechargeable": "Yes",
    "brand name": "Kodak",
    "camera type": "Digital Camcorder",
    "depth": "0.8 in",
    "digital zoom": "2x",
    "focal length": "4.10 mm",
    "height": "4.2 in",
    "image sensor": "CMOS",
    "lcd screen size": "2 in",
    "maximum frame rate": "60 fps",
    "maximum video capture resolution": "1280 x 720",
    "memory card support": "Secure Digital (SD) Card|Secure Digital High Capacity (SDHC) Card",
    "normalizeddigital zoom": "2",
    "normalizedheight": "0.0042",
    "normalizedweight": "3.17",
    "parent retsku": "B003P2V4OQ",
    "product model": "ZxD",
    "url": "http://www.kodak.com",
    "warranty information": "1 Year",
    "weight": "3.17 oz",
    "white balance modes": "Auto",
    "width": "2.0 in"
}