{
    "<page title>": "Vivitar ViviCam X137 Black Digital Camera (10.1 MP, SD/SDHC Card Slot) Price Comparison at Buy.net",
    "camera type": "Point & Shoot Digital Camera",
    "digital zoom": "4 X",
    "effective megapixels": "10100000 pixels",
    "flash": "Built-in Flash",
    "installed memory": "32 MB",
    "interface connection": "USB",
    "lcd screen size": "2.4 in",
    "max aperture": "2.8 1/f",
    "maximum video capture resolution": "640 x 480 (VGA)",
    "memory card support": "Secure Digital High Capacity (SDHC) Card|Secure Digital (SD) Card",
    "url": "http://www.vivitar.com/products/1/digital-cameras/1057/vivicam-x137",
    "warranty information": "1 year(s)"
}