{
    "<page title>": "Canon PowerShot SX60 HS Black Digital Camera (16.1 MP, 65x Opt, SD Card Slot) Price Comparison at Buy.net",
    "analog video out": "Yes",
    "autofocus points": "9",
    "battery builtin": "No",
    "battery include": "Yes",
    "battery model supported": "NB-10L",
    "battery rechargeable": "Yes",
    "brand name": "Canon",
    "builtin flash": "Yes",
    "camera modes": "Shooting Modes: Hybrid Auto Auto Creative Shot Sports SCN Creative Filters Movie",
    "exposure control": "Program AE Aperture Priority Shutter Priority Manual",
    "focal length 35mm equivalent": "21 mm to 1365 mm",
    "hd movie mode": "Yes",
    "iso sensitivity": "ISO 3200",
    "language support": "Vietnamese",
    "longest shutter speed": "15 Second",
    "maximum frame rate": "60 fps",
    "number of batteries support": "1",
    "parent product type": "Digital Camera",
    "pictbridge": "Yes",
    "product line": "PowerShot",
    "product model": "SX60 HS",
    "self timer": "10 Second",
    "shortest shutter speed": "1/2000 Second",
    "viewfinder type": "Electronic",
    "white balance modes": "Auto Daylight Shade Cloudy Tungsten Fluorescent Fluorescent H Flash Custom 1 Custom 2 Multi-Area White Balance White Balance Correction"
}