{
    "<page title>": "Nikon Coolpix L820 Red Digital Camera (16 MP, 30x Opt, SD/SDHC/SDXC Card Slot) Price Comparison at Buy.net",
    "camera type": "Compact Camera",
    "depth": "3.3 in",
    "digital zoom": "4x",
    "effective megapixels": "16 Megapixel",
    "flash": "Auto Flash|Pre-flash",
    "focal length": "4 mm to 120 mm",
    "focal length 35mm equivalent": "22.50 mm to 675 mm",
    "green compliance": "WEEE|RoHS",
    "height": "3.0 in",
    "image sensor": "CMOS",
    "image stabilization": "Optical|Electronic",
    "installed memory": "65 MB",
    "interface connection": "A/V (RCA Composite)|USB",
    "lcd screen size": "3 in",
    "max aperture": "3 1/f",
    "maximum video capture resolution": "1920 x 1080",
    "memory card support": "Secure Digital (SD) Card|Secure Digital Extended Capacity (SDXC)|Secure Digital High Capacity (SDHC) Card",
    "optical zoom": "30 X",
    "total pixels": "16800000",
    "url": "http://www.nikon.com",
    "warranty information": "1 Year",
    "weight": "1.04 lbs",
    "width": "4.3 in"
}