{
    "<page title>": "Olympus OM-D E-M5 Black Digital Camera Body Only (16.1 MP, SD/SDHC/SDXC Card Slot) Price Comparison at Buy.net",
    "camera body only": "Body Only",
    "camera type": "Mirrorless Camera",
    "depth": "1.7 in",
    "digital zoom": "No",
    "effective megapixels": "16.1 Megapixel",
    "flash": "Auto Flash|Flash OFF|Flash ON|Red-eye Reduction|Slow Sync|Rear Curtain Sync|Flash Exposure Compensation|X-sync",
    "green compliance": "WEEE",
    "height": "3.5 in",
    "image sensor": "Live MOS",
    "image stabilization": "Optical",
    "lcd screen size": "3 in",
    "lens mount": "Micro Four Thirds",
    "maximum video capture resolution": "1920 x 1080",
    "memory card support": "Secure Digital (SD) Card|Secure Digital High Capacity (SDHC) Card|Secure Digital Extended Capacity (SDXC)|Eye-Fi Card",
    "total pixels": "16900000",
    "url": "http://www.olympusamerica.com",
    "warranty information": "1 Year",
    "weight": "14.99 oz",
    "width": "4.8 in"
}