{
    "<page title>": "Nikon 1 J3 Beige Digital Camera Kit W/ 10-30 Mm Lens (14.2 MP, SD/SDHC/SDXC Card Slot) Price Comparison at Buy.net",
    "autofocus points": "135",
    "battery builtin": "No",
    "battery include": "Yes",
    "battery model supported": "EN-EL20",
    "battery rechargeable": "Yes",
    "brand name": "Nikon",
    "builtin flash": "Yes",
    "camera body only": "Body with Lens Kit",
    "camera modes": "Scene Modes:PortraitLandscapeNight LandscapeNight PortraitClose-upAuto",
    "camera type": "Mirrorless Camera",
    "depth": "1.1 in",
    "digital zoom": "No",
    "effective megapixels": "14.2 Megapixel",
    "exposure control": "Program AEShutter PriorityAperture PriorityManual",
    "flash": "Auto Flash|Flash OFF|Flash ON|Slow Sync|Rear Curtain Sync|Red-eye Reduction|Flash Exposure Compensation",
    "focal length": "10 mm to 30 mm (Lens 1)",
    "focal length 35mm equivalent": "27 mm to 81 mm (Lens 1)",
    "gps": "No",
    "green compliance": "WEEE|RoHS",
    "hd movie mode": "Yes",
    "height": "2.4 in",
    "image sensor": "CMOS",
    "image stabilization": "Optical",
    "iso sensitivity": "ISO 6400",
    "language support": "Vietnamese",
    "lcd screen size": "3 in",
    "lens construction": "12 Elements in 9 Groups",
    "lens mount": "Nikon 1-mount",
    "longest shutter speed": "30 Second",
    "maximum diopter adjustment": "No",
    "maximum frame rate": "1200 fps",
    "maximum video capture resolution": "1920 x 1080",
    "memory card support": "Secure Digital (SD) Card|Secure Digital Extended Capacity (SDXC)|Secure Digital High Capacity (SDHC) Card",
    "minimum diopter adjustment": "No",
    "number of batteries support": "1",
    "optical zoom": "3 X",
    "pictbridge": "Yes",
    "product model": "J3",
    "product series": "1",
    "shortest shutter speed": "1/16000 Second",
    "software included": "ViewNX 2",
    "total pixels": "15100000",
    "url": "http://www.nikon.com",
    "viewfinder type": "No",
    "warranty information": "1 Year",
    "weight": "7.09 oz",
    "white balance modes": "AutoIncandescentFluorescentDirect SunlightFlashCloudyShadePreset ManualUnderwaterAll except preset manual with fine tuning",
    "width": "4.0 in"
}