{
    "<page title>": "Polaroid Z2300 Black Digital Camera (10 MP, 1x Opt, SD/SDHC Card Slot) Price Comparison at Buy.net",
    "camera type": "Point & Shoot Digital Camera",
    "depth": "1.5 in",
    "digital zoom": "2.4 X",
    "effective megapixels": "10000000 pixels",
    "flash": "Built-in Flash",
    "height": "3.06 in",
    "image sensor": "CMOS",
    "installed memory": "32 MB",
    "interface connection": "USB",
    "lcd screen size": "2.5 in",
    "maximum video capture resolution": "1280 x 720",
    "memory card support": "Secure Digital (SD) Card|Secure Digital High Capacity (SDHC) Card",
    "optical zoom": "1 X",
    "url": "http://www.polaroidstore.com/products/instant-cameras/10-megapixel-instant-print-digital-camera-z2300b-black.htm",
    "warranty information": "1 year(s)",
    "weight": "9.31 oz",
    "width": "4.75 in"
}