{
    "<page title>": "Canon PowerShot SD780 IS 12.1 Megapixel Compact Camera - Silver (2.5\" LCD - 3x Optical Zoom - 4000 X 3000 Image - 1280 X 720 Video - HDMI - PictBridge - HD Movie Mode) Price Comparison at Buy.net",
    "camera type": "Compact Camera",
    "depth": "0.7 in",
    "digital zoom": "4x",
    "effective megapixels": "12.1 Megapixel",
    "flash": "Auto Flash|Flash OFF|Flash ON|Red-eye Reduction",
    "focal length": "5.90 mm to 17.90 mm",
    "height": "2.2 in",
    "image sensor": "CCD",
    "image stabilization": "Optical",
    "interface connection": "1 x USB|1 x HDMI|1 x Audio/Video Out|1 x DC Power In",
    "lcd screen size": "2.5 in",
    "lens mount": "Fixed",
    "max aperture": "3.2 1/f",
    "maximum video capture resolution": "1280 x 720",
    "memory card support": "Secure Digital High Capacity (SDHC) Card|MultiMediaCard (MMC)|MMCplus|HC MMCplus",
    "optical zoom": "3 X",
    "total pixels": "12400000",
    "url": "http://www.usa.canon.com",
    "warranty information": "1 Year Limited",
    "weight": "4.06 oz",
    "width": "3.4 in"
}