{
    "<page title>": "Canon EOS Rebel T3i Black SLR Digital Camera Kit W/ 18-55mm Lens (18 MP, 3x Opt, SD/SDHC/SDXC Card Slot) Price Comparison at Buy.net",
    "camera type": "Digital SLR Camera",
    "depth": "3.1 in",
    "effective megapixels": "18 Megapixel",
    "flash": "Accessory Shoe|Built-in Flash",
    "height": "3.9 in",
    "image sensor": "CMOS",
    "image stabilization": "Optical",
    "interface connection": "A/V (RCA Composite)|USB",
    "lcd screen size": "3 in",
    "lens mount": "Canon EF/EF-S",
    "max aperture": "3.5 1/f",
    "maximum video capture resolution": "1920 x 1080",
    "memory card support": "Secure Digital (SD) Card|Secure Digital Extended Capacity (SDXC)|Secure Digital High Capacity (SDHC) Card",
    "optical zoom": "3 X",
    "total pixels": "18700000 pixels",
    "url": "http://www.usa.canon.com/cusa/support/consumer/eos_slr_camera_systems/eos_digital_slr_cameras/eos_rebel_t3i_18_55mm_is_ii_kit",
    "warranty information": "1 year(s)",
    "weight": "18.2 oz",
    "width": "5.2 in"
}