{
    "<page title>": "Nikon COOLPIX S6800 Black Digital Camera (16 MP, 12x Opt, SD/SDHC/SDXC Card Slot) Price Comparison at Buy.net",
    "camera type": "Point & Shoot Digital Camera",
    "depth": "1 in",
    "digital zoom": "4 X",
    "effective megapixels": "16000000 pixels",
    "flash": "Built-in Flash",
    "focal length": "4.5 mm to 54.0 mm",
    "focal length 35mm equivalent": "25 mm to 300 mm",
    "height": "2.3 in",
    "image sensor": "CMOS",
    "installed memory": "25 MB",
    "interface connection": "USB|Video - Out (Unspecified)|HDMI",
    "lcd screen size": "3 in",
    "max aperture": "3.3 1/f",
    "maximum video capture resolution": "1920 x 1080",
    "memory card support": "Secure Digital High Capacity (SDHC) Card|Secure Digital (SD) Card|Secure Digital Extended Capacity (SDXC)",
    "optical zoom": "12 X",
    "total pixels": "16760000 pixels",
    "url": "http://www.nikonusa.com/en/Nikon-Products/Product/Compact-Digital-Cameras/COOLPIX-S6800.html",
    "warranty information": "1 year(s)",
    "weight": "5.2 oz",
    "width": "3.9 in",
    "wifi": "Yes"
}