{
    "<page title>": "Sony Cyber-shot DSC-RX1R/B Black Digital Camera (24.3 MP, 2x Opt, Stick PRO Duo/Pro-HG Duo/PRO-HG HX Duo/SD/SDXC/SDHC Card Slot) Price Comparison at Buy.net",
    "camera body only": "Body Only",
    "camera type": "Compact Camera",
    "depth": "2.7 in",
    "digital zoom": "14x",
    "effective megapixels": "24.3 Megapixel",
    "flash": "Auto Flash|Flash ON|Flash OFF|Slow Sync|Wireless Flash",
    "focal length 35mm equivalent": "37 mm",
    "height": "2.6 in",
    "image sensor": "Exmor CMOS",
    "image stabilization": "Optical",
    "interface connection": "USB|Remote Terminal|HDMI|Audio - Line In (1/8\" Mini)",
    "lcd screen size": "3 in",
    "max aperture": "2 1/f",
    "maximum video capture resolution": "1920 x 1080",
    "memory card support": "Secure Digital (SD) Card|Secure Digital Extended Capacity (SDXC)|Secure Digital High Capacity (SDHC) Card|Memory Stick Duo|Memory Stick PRO Duo|Memory Stick PRO-HG Duo|Eye-Fi Card",
    "optical zoom": "2 X",
    "total pixels": "24700000",
    "url": "http://www.sony.com",
    "warranty information": "1 Year",
    "weight": "1.06 lbs",
    "width": "4.5 in"
}