{
    "<page title>": "VTech Kidizoom 0.3 Megapixel Compact Camera - Light Blue (1.5\" LCD - 640 X 480 Image) Price Comparison at Buy.net",
    "brand name": "Vtech",
    "builtin flash": "Yes",
    "camera type": "Compact Camera",
    "digital zoom": "2x",
    "effective megapixels": "0.3 Megapixel",
    "flash": "Auto Flash|Flash ON|Flash OFF",
    "iso sensitivity": "Auto",
    "lcd screen size": "1.5 in",
    "maximum diopter adjustment": "No",
    "minimum diopter adjustment": "No",
    "number of batteries support": "4",
    "parent retsku": "B004E3NIEY",
    "product line": "Kidizoom",
    "product type": "Cameras",
    "url": "http://www.vtech.com"
}