{
    "<page title>": "Canon EOS 5D Mark III Black SLR Digital Camera Kit W/ 24-70 Mm Lens (22.3 MP, SD/SDHC/SDXC Card Slot) Price Comparison at Buy.net",
    "camera body only": "Body with Lens Kit",
    "camera type": "Digital SLR Camera",
    "depth": "3 in",
    "effective megapixels": "22300000 pixels",
    "flash": "Accessory Shoe|Built-in Flash",
    "focal length": "24 mm to 70 mm",
    "gps enabled": "Yes",
    "height": "4.6 in",
    "image sensor": "CMOS",
    "image stabilization": "Sensor Shift",
    "interface connection": "Video - Out (Unspecified)|USB|HDMI",
    "lcd screen size": "3.2 in",
    "lens mount": "Canon EF",
    "max aperture": "4 1/f",
    "maximum video capture resolution": "1920 x 1080",
    "memory card support": "Secure Digital (SD) Card|Secure Digital Extended Capacity (SDXC)|Secure Digital High Capacity (SDHC) Card",
    "total pixels": "23400000 pixels",
    "url": "http://www.usa.canon.com/cusa/support/professional/professional_cameras/eos_digital_slr_cameras/eos_5d_mark_iii",
    "warranty information": "1 year(s)",
    "weight": "30.3 oz",
    "width": "6 in",
    "you are reviewing": "Canon EOS 5D Mark III Black SLR Digital Camera Kit w/ 24-70 mm"
}