{
    "<page title>": "Fujifilm X-A1 Mirrorless Digital Camera With 16-50mm Lens (Indigo Blue) Price Comparison at Buy.net",
    "autofocus points": "49",
    "battery builtin": "No",
    "battery include": "Yes",
    "battery model supported": "NP-W126",
    "battery rechargeable": "Yes",
    "brand name": "Fujifilm",
    "builtin flash": "Yes",
    "exposure control": "Program AE Shutter Priority AE Aperture Priority AE Manual",
    "focal length 35mm equivalent": "24 mm to 76 mm (Lens 1)",
    "gps": "No",
    "green compliance": "Yes",
    "hd movie mode": "Yes",
    "iso sensitivity": "ISO 25600",
    "lens construction": "12 Elements in 10 Groups",
    "longest shutter speed": "30 Second",
    "maximum diopter adjustment": "No",
    "maximum frame rate": "30 fps",
    "minimum diopter adjustment": "No",
    "number of batteries support": "1",
    "parent retsku": "B00F8K8TBY",
    "pictbridge": "Yes",
    "product model": "X-A1",
    "product series": "X",
    "self timer": "10 Second",
    "shortest shutter speed": "1/4000 Second",
    "software included": "Viewer RAW File Converter",
    "viewfinder type": "No",
    "white balance modes": "Auto Custom Fine Shade Fluorescent Light (Daylight) Fluorescent Light (Warm White) Fluorescent Light (Cool White) Incandescent Light"
}