{
    "<page title>": "Nikon J1 Red Digital Camera Kit W/ 10-30mm & 30-110mm Lens (10.1 MP, 3.7x Opt, SD/SDHC/SDXC Card Slot) Price Comparison at Buy.net",
    "camera body only": "Body with Lens Kit",
    "camera type": "Mirrorless Camera",
    "depth": "1.2 in",
    "effective megapixels": "10.1 Megapixel",
    "flash": "Slow Sync|Rear Curtain Sync|Red-eye Reduction",
    "focal length": "10 mm to 30 mm (Lens 1) - 30 mm to 110 mm (Lens 2)",
    "green compliance": "RoHS|WEEE",
    "height": "2.4 in",
    "image sensor": "CMOS",
    "image stabilization": "Optical",
    "lcd screen size": "3 in",
    "lens mount": "Nikon 1-mount",
    "maximum video capture resolution": "1920 x 1080",
    "memory card support": "Secure Digital (SD) Card|Secure Digital High Capacity (SDHC) Card|Secure Digital Extended Capacity (SDXC)",
    "optical zoom": "3 X (Lens 1) - 3.7 X (Lens 2)",
    "url": "http://www.nikon.com",
    "warranty information": "1 Year Limited",
    "weight": "8.25 oz",
    "width": "4.2 in"
}