{
    "<page title>": "Pentax K-50 Lens Kit Black W/DA L18-55 WR Price Comparison at Buy.net",
    "analog video out": "Yes",
    "autofocus points": "11",
    "battery builtin": "No",
    "battery include": "Yes",
    "battery model supported": "D-LI109",
    "battery rechargeable": "Yes",
    "brand name": "Pentax",
    "builtin flash": "Yes",
    "camera modes": "Scene Modes: Portrait Landscape Macro Moving Object Night Scene Portrait Sunset Blue Sky Forest Night Scene Night Scene HDR (JPG) Night Snap Food Pet Kids Surf & Snow Backlight Silhouette Candlelight Stage Lighting Museum",
    "exposure control": "Program AE Shutter Priority AE Aperture Priority AE Manual",
    "focal length 35mm equivalent": "27.50 mm to 84.50 mm (Lens 1)",
    "hd movie mode": "Yes",
    "iso sensitivity": "ISO 51200",
    "language support": "Russian",
    "lens construction": "11 Elements in 8 Groups",
    "longest shutter speed": "30 Second",
    "maximum diopter adjustment": "1.5",
    "maximum frame rate": "60 fps",
    "minimum diopter adjustment": "-2.5",
    "number of batteries support": "1",
    "parent retsku": "B00DDHWE2O",
    "product model": "K-50",
    "self timer": "12 Second",
    "shortest shutter speed": "1/6000 Second",
    "viewfinder type": "SLR",
    "white balance modes": "Auto Daylight Shade Cloudy Daylight Color Daylight White Cool White Warm White Tungsten Flash CTE",
    "wide angle": "Yes"
}