{
    "<page title>": "Sony Alpha 7 A7 Full-Frame Interchangeable Lens Black Digital Camera Price Comparison at Buy.net",
    "camera body only": "Body Only",
    "camera type": "Mirrorless Camera",
    "depth": "1.9 in",
    "digital zoom": "4x",
    "effective megapixels": "24.3 Megapixel",
    "environmental protection": "Dust Resistant|Moisture Resistant",
    "flash": "Auto Flash|Flash ON|Flash OFF|Red-eye Reduction|High Speed Sync|Slow Sync|Wireless Flash|Rear Flash Sync|Pre-flash|Flash Exposure Compensation",
    "height": "3.7 in",
    "image sensor": "Exmor APS HD CMOS sensor",
    "image stabilization": "No",
    "lcd screen size": "3 in",
    "lens mount": "Sony E",
    "maximum video capture resolution": "1920 x 1080",
    "memory card support": "Memory Stick PRO Duo|Memory Stick PRO-HG Duo|Memory Stick XC-HG Duo|Secure Digital (SD) Card|Secure Digital High Capacity (SDHC UHS-I)|Secure Digital Extended Capacity (SDXC UHS-I)",
    "total pixels": "24700000",
    "url": "http://www.sony.com",
    "warranty information": "1 Year",
    "weight": "14.70 oz",
    "width": "5 in"
}