{
    "<page title>": "Canon PowerShot ELPH 530 HS Black Digital Camera (10.1 MP, 12x Opt) Price Comparison at Buy.net",
    "camera type": "Compact Camera",
    "depth": "0.8 in",
    "digital zoom": "4x",
    "effective megapixels": "10.1 Megapixel",
    "flash": "Auto Flash|Flash ON|Flash OFF|Slow Sync|Red-eye Reduction",
    "focal length": "4 mm to 48 mm",
    "focal length 35mm equivalent": "28 mm to 336 mm",
    "green compliance": "RoHS|WEEE|REACH",
    "height": "2.1 in",
    "image sensor": "CMOS",
    "image stabilization": "Optical",
    "lcd screen size": "3.2 in",
    "maximum video capture resolution": "1920 x 1080",
    "memory card support": "microSD Card|microSDHC Card|microSD Extended Capacity (microSDXC)",
    "optical zoom": "12 X",
    "total pixels": "16800000",
    "url": "http://www.usa.canon.com",
    "warranty information": "1 Year Limited",
    "weight": "5.00 oz",
    "width": "3.4 in"
}