{
    "<page title>": "Sony SLT-A65VL Black SLR Digital Camera Kit W/ 18-55 Mm Lens (24.3 MP, SD/SDHC/SDXC/MS PRO Duo/MS PRO-HG Duo Card Slot) Price Comparison at Buy.net",
    "camera body only": "Body with Lens Kit",
    "camera type": "Mirrorless Interchangeable Lens Camera",
    "depth": "3.25 in",
    "effective megapixels": "24300000 pixels",
    "flash": "Built-in Flash|Accessory Shoe",
    "focal length": "18 mm to 55 mm",
    "focal length 35mm equivalent": "27 mm to 82.5 mm",
    "gps enabled": "Yes",
    "height": "3.88 in",
    "image sensor": "CMOS",
    "interface connection": "USB|HDMI",
    "lcd screen size": "3 in",
    "lens mount": "Sony A",
    "max aperture": "3.5 1/f",
    "maximum video capture resolution": "1920 x 1080",
    "memory card support": "Secure Digital Extended Capacity (SDXC)|Secure Digital High Capacity (SDHC) Card|Secure Digital (SD) Card|Memory Stick PRO-HG Duo|Memory Stick PRO Duo",
    "total pixels": "24700000 pixels",
    "url": "http://store.sony.com/sony-a65-dslr-camera-and-lens-zid27-SLTA65VL/cat-27-catid-All-Alpha-DSLR-Cameras",
    "warranty information": "1 year(s)",
    "weight": "1.19 lbs",
    "width": "5.25 in"
}