{
    "<page title>": "Wildgame Innovations Elite 5 LightsOut L05 Trail Camera Price Comparison at Buy.net",
    "brand name": "Wildgame",
    "frequency band": "5MP Invisible IR Digital Scouting Camera 48 pc Invisible LightsOut LED Infrared Flash Includes FlexTime + Time Lapse Technology Wide Angle 16:9 option Adjustable side to fit any tree Redux Anti-Blur Technology 1 second Rapid trigger speed Flash range is up to 60 ft. Up to 64 GB SDHC Card (not included) External battery port (for use with EBX) Uses 12 AA-Cell batteries (not included) Product Dimensions: 10.32 Length x 5.91 Width x 8.27 Height",
    "product line": "Elite 5 LightsOut",
    "product model": "L05"
}