{
    "<page title>": "Fujifilm XQ1 Black Digital Camera (12 MP, 4x Opt, SD/SDHC/SDXC Card Slot, 66 MB) Price Comparison at Buy.net",
    "camera type": "Point & Shoot Digital Camera",
    "depth": "1.3 in",
    "digital zoom": "4 X",
    "effective megapixels": "12000000 pixels",
    "environmental protection": "Water Resistant",
    "flash": "Accessory Shoe|Built-in Flash",
    "focal length": "6.4 mm to 25.6 mm",
    "focal length 35mm equivalent": "25 mm to 100 mm",
    "height": "2.3 in",
    "image sensor": "CMOS",
    "image stabilization": "Optical",
    "installed memory": "66 MB",
    "interface connection": "USB|HDMI",
    "lcd screen size": "3 in",
    "max aperture": "1.8 1/f",
    "maximum video capture resolution": "1920 x 1080",
    "memory card support": "Secure Digital High Capacity (SDHC) Card|Secure Digital Extended Capacity (SDXC)|Secure Digital (SD) Card",
    "optical zoom": "4 X",
    "total pixels": "14500000 pixels",
    "url": "http://www.fujifilmusa.com/products/digital_cameras/x/fujifilm_xq1/",
    "warranty information": "1 year(s)",
    "weight": "6.6 oz",
    "width": "3.9 in",
    "wifi": "Yes"
}