{
    "<page title>": "Sony Cyber-shot DSC-WX100 18.2 MP Digital Camera - White Price Comparison at Buy.net",
    "camera type": "Compact Camera",
    "depth": "0.9 in",
    "digital zoom": "40x",
    "effective megapixels": "18.2 Megapixel",
    "flash": "Auto Flash|Flash OFF|Flash ON|Slow Sync|Red-eye Reduction",
    "focal length": "4.45 mm to 44.50 mm",
    "focal length 35mm equivalent": "27.50 mm to 275 mm",
    "height": "2.1 in",
    "image sensor": "Exmor R CMOS",
    "image stabilization": "Optical|Electronic",
    "lcd screen size": "3 in",
    "maximum video capture resolution": "1920 x 1080",
    "memory card support": "Memory Stick Duo|Memory Stick PRO Duo|Memory Stick PRO High Speed Duo|Memory Stick PRO-HG Duo|Memory Stick Micro|Memory Stick Micro (M2)|Secure Digital (SD) Card|Secure Digital Extended Capacity (SDXC)|Secure Digital High Capacity (SDHC) Card|microSD Card|microSDHC Card",
    "optical zoom": "10 X",
    "total pixels": "18900000",
    "url": "http://www.sony.com",
    "warranty information": "1 Year",
    "weight": "3.81 oz",
    "width": "3.6 in"
}