{
    "<page title>": "Nikon Coolpix S6500 Black Digital Camera (16 MP, 12x Opt, SD/SDHC/SDXC Card Slot) Price Comparison at Buy.net",
    "camera type": "Compact Camera",
    "depth": "1.0 in",
    "digital zoom": "4x",
    "effective megapixels": "16 Megapixel",
    "flash": "Auto Flash|Flash OFF|Flash ON|Slow Sync|Red-eye Reduction",
    "focal length": "4.50 mm to 54 mm",
    "focal length 35mm equivalent": "25 mm to 300 mm",
    "green compliance": "WEEE|RoHS",
    "height": "2.3 in",
    "image sensor": "CMOS",
    "image stabilization": "Optical",
    "lcd screen size": "3 in",
    "maximum video capture resolution": "1920 x 1080",
    "memory card support": "Secure Digital (SD) Card|Secure Digital Extended Capacity (SDXC)|Secure Digital High Capacity (SDHC) Card",
    "optical zoom": "12 X",
    "total pixels": "16800000",
    "url": "http://www.nikon.com",
    "warranty information": "1 Year",
    "weight": "5.40 oz",
    "width": "3.8 in"
}