{
    "<page title>": "Sony Cyber-shot DSC-HX300 Black Digital Camera (20.4 MP, 50x Opt, MS/SD Card Slot) Price Comparison at Buy.net",
    "camera type": "Compact Camera",
    "depth": "4.1 in",
    "digital zoom": "200x",
    "effective megapixels": "20.4 Megapixel",
    "flash": "Auto Flash|Flash OFF|Flash ON|Slow Sync|Rear Slow Sync|Advanced Flash|Red-eye Reduction",
    "focal length": "4.30 mm to 215 mm",
    "focal length 35mm equivalent": "26 mm to 1300 mm",
    "height": "3.7 in",
    "image sensor": "Exmor R CMOS",
    "image stabilization": "Optical",
    "interface connection": "HDMI|USB|Video - Out (Unspecified)",
    "lcd screen size": "3 in",
    "max aperture": "6.3 1/f",
    "maximum video capture resolution": "1920 x 1080",
    "memory card support": "Memory Stick Duo|Memory Stick PRO Duo (Mark 2)|Memory Stick PRO-HG Duo|Secure Digital (SD) Card|Secure Digital Extended Capacity (SDXC)|Secure Digital High Capacity (SDHC) Card",
    "optical zoom": "50 X",
    "total pixels": "21100000",
    "url": "http://www.sony.com",
    "warranty information": "1 Year",
    "weight": "1.37 lbs",
    "width": "5.1 in"
}