{
    "<page title>": "Olympus PEN E-PM2 16.1 Megapixel Mirrorless Camera Body Only - Black (3\" Touchscreen LCD - Electronic, Optical IS - 4608 X 3456 Image - 1920 X 1080 Video - HDMI - PictBridge - HD Movie Mode) Price Comparison at Buy.net",
    "analog video out": "Yes",
    "autofocus points": "35",
    "battery builtin": "No",
    "battery include": "Yes",
    "battery model supported": "BLS-5",
    "battery rechargeable": "Yes",
    "brand name": "Olympus",
    "builtin flash": "No",
    "camera body only": "Body Only",
    "camera modes": "Scene Modes:Portraite-PortraitLandscapeLandscape + PortraitSportNightNight + PortraitChildrenHigh KeyLow KeyDIS ModeMacroNature MacroCandleSunsetDocumentsPanoramaFireworksBeach & SnowFisheye Conv.Wide Conv.Macro Conv.3D",
    "camera type": "Mirrorless Camera",
    "effective megapixels": "16.1 Megapixel",
    "exposure control": "Program AEAperture Priority AEShutter Priority AEManual",
    "flash": "Auto Flash|Flash OFF|Flash ON|Red-eye Reduction|Slow Sync|Rear Curtain Sync|Front Curtain Sync",
    "gps": "No",
    "green compliance": "WEEE|RoHS",
    "hd movie mode": "Yes",
    "image stabilization": "Electronic|Optical",
    "iso sensitivity": "ISO 12800",
    "language support": "Thai",
    "lcd screen size": "3 in",
    "lens mount": "Micro Four Thirds",
    "longest shutter speed": "60 Second",
    "maximum frame rate": "30 fps",
    "maximum video capture resolution": "1920 x 1080",
    "memory card support": "Secure Digital (SD) Card|Secure Digital Extended Capacity (SDXC)|Secure Digital High Capacity (SDHC) Card|Secure Digital Extended Capacity (SDXC UHS-I)|Secure Digital High Capacity (SDHC UHS-I)|Flash Air|Eye-Fi Card",
    "number of batteries support": "1",
    "parent product type": "Digital Camera",
    "pictbridge": "Yes",
    "product line": "PEN",
    "product model": "E-PM2",
    "shortest shutter speed": "1/4000 Second",
    "software included": "Viewer 2",
    "white balance modes": "Auto WB2 Capture WBsCustom WB (Kelvin Setting)Sunny (5300K)Shadow (7500K)Cloudy (6000K)Incandescent (3000K)Fluorescent (4000K)UnderwaterWB Flash (5500K)"
}