{
    "<page title>": "Olympus Stylus SZ-14 Red Digital Camera (14 MP, 24x Opt, SD/SDHC/SDXC Card Slot) Price Comparison at Buy.net",
    "camera type": "Point & Shoot Digital Camera",
    "depth": "1.56 in",
    "digital zoom": "4 X",
    "effective megapixels": "14,000,000 pixels",
    "flash": "Built-in Flash",
    "focal length": "4.5 mm to 108 mm",
    "focal length 35mm equivalent": "25 mm to 600 mm",
    "height": "2.7 in",
    "image sensor": "CCD",
    "installed memory": "59 MB",
    "interface connection": "Video - Out (Unspecified)|USB|HDMI|Audio - Line Out (1/8\" Mini)",
    "lcd screen size": "3 in",
    "max aperture": "3 1/f",
    "memory card support": "Secure Digital High Capacity (SDHC) Card|Secure Digital Extended Capacity (SDXC)|Secure Digital (SD) Card",
    "optical zoom": "24 X",
    "url": "http://www.getolympus.com/us/",
    "warranty information": "1 year(s)",
    "weight": "0.48 lbs",
    "width": "4.19 in"
}