{
    "<page title>": "Sony Alpha NEX-5T Black SLR Digital Camera Kit W/ 16-50 Mm Lens (16.1 MP, 3x Opt, Memory Stick PRO Duo/Memory Stick PRO-HG Duo/SD/SDXC/SDHC Card Slot) Price Comparison at Buy.net",
    "camera body only": "Body with Lens Kit",
    "camera type": "Digital SLR Camera",
    "digital zoom": "4 X",
    "effective megapixels": "16.1 pixels",
    "flash": "Built-in Flash",
    "focal length 35mm equivalent": "24 mm to 77 mm",
    "image sensor": "CMOS",
    "image stabilization": "Optical",
    "interface connection": "USB|HDMI",
    "lcd screen size": "3 in",
    "lens mount": "Sony E",
    "max aperture": "3.5 1/f",
    "maximum video capture resolution": "1920 x 1080",
    "memory card support": "Secure Digital High Capacity (SDHC) Card|Secure Digital Extended Capacity (SDXC)|Secure Digital (SD) Card|Memory Stick PRO-HG Duo|Memory Stick PRO Duo",
    "optical zoom": "3 X",
    "url": "http://store.sony.com/p/E-mount-Lens-Camera,-Interchangeable-Lens/en/p/NEX5TL/B",
    "warranty information": "1 year(s)",
    "wifi": "Yes",
    "you are reviewing": "Sony Alpha NEX-5T Black SLR Digital Camera Kit w/ 16-50 mm Lens"
}