{
    "<page title>": "Pentax K-500 Black SLR Digital Camera Kit W/ 18-55 Mm DA L Lens (16.3 MP, 3.1x Opt, SD/SDHC/SDXC Card Slot) Price Comparison at Buy.net",
    "camera body only": "Body with Lens Kit",
    "camera type": "Digital SLR Camera",
    "depth": "2.8 in",
    "effective megapixels": "16300000 pixels",
    "flash": "Built-in Flash|Accessory Shoe",
    "focal length": "18 mm to 55 mm",
    "focal length 35mm equivalent": "27.5 mm to 84.5 mm",
    "height": "3.8 in",
    "image sensor": "CMOS",
    "image stabilization": "Sensor Shift",
    "interface connection": "USB|A/V (RCA Composite)",
    "lcd screen size": "3 in",
    "lens mount": "Pentax KAF2",
    "max aperture": "3.5 1/f",
    "maximum video capture resolution": "1920 x 1080",
    "memory card support": "Secure Digital High Capacity (SDHC) Card|Secure Digital (SD) Card|Secure Digital Extended Capacity (SDXC)",
    "optical zoom": "3.1 X",
    "total pixels": "16500000 pixels",
    "url": "http://www.pentaxwebstore.com/product/42855",
    "warranty information": "1 year(s)",
    "weight": "20.8 oz",
    "width": "5.1 in"
}