{
    "<page title>": "Fujifilm X-E2 Silver Digital Camera Kit W/ 18-55 Mm Lens (16.3 MP, SD/SDXC/SDHC Card Slot) Price Comparison at Buy.net",
    "camera body only": "Body with Lens Kit",
    "camera type": "Mirrorless Interchangeable Lens Camera",
    "depth": "1.5 in",
    "effective megapixels": "16300000 pixels",
    "flash": "Built-in Flash|Accessory Shoe",
    "height": "5.1 in",
    "image sensor": "CMOS",
    "image stabilization": "Sensor Shift",
    "interface connection": "USB|HDMI|Audio - Line In (1/8\" Mini)",
    "lcd screen size": "3 in",
    "lens mount": "Fujifilm X",
    "maximum video capture resolution": "1920 x 1080",
    "memory card support": "Secure Digital High Capacity (SDHC) Card|Secure Digital (SD) Card|Secure Digital Extended Capacity (SDXC)",
    "total pixels": "16700000 pixels",
    "url": "http://www.fujifilmusa.com/products/digital_cameras/x/fujifilm_x_e2/",
    "weight": "10.6 oz",
    "width": "2.9 in",
    "wifi": "Yes"
}