{
    "<page title>": "Pentax K-3 Black SLR Digital Camera - Body Only (23.35 MP, SD/SDHC/SDXC Card Slot) Price Comparison at Buy.net",
    "camera body only": "Body Only",
    "camera type": "Digital SLR Camera",
    "depth": "3.05 in",
    "effective megapixels": "23.35 Megapixel",
    "environmental protection": "Weather Resistant",
    "flash": "Accessory Shoe|Built-in Flash",
    "height": "3.94 in",
    "image sensor": "CMOS",
    "image stabilization": "Sensor Shift",
    "interface connection": "A/V (RCA Composite)|Audio - Line In (1/8\" Mini)|HDMI|USB",
    "lcd screen size": "3.2 in",
    "lens mount": "Pentax KAF2",
    "memory card support": "Secure Digital (SD) Card|Secure Digital Extended Capacity (SDXC)|Secure Digital High Capacity (SDHC) Card",
    "total pixels": "24.71 Megapixel",
    "url": "http://www.us.ricoh-imaging.com/dslr/K-3_#!product-specs",
    "weight": "28.2 oz",
    "width": "5.17 in"
}