{
    "<page title>": "Canon PowerShot ELPH 340 HS Black Digital Camera (16 MP, 12x Opt, SD/SDHC/SDXC Card Slot) Price Comparison at Buy.net",
    "camera type": "Point & Shoot Digital Camera",
    "depth": "0.88 in",
    "digital zoom": "4 X",
    "effective megapixels": "16000000 pixels",
    "flash": "Built-in Flash",
    "focal length": "4.5 mm to 54 mm",
    "focal length 35mm equivalent": "25 mm to 300 mm",
    "height": "2.27 in",
    "image sensor": "CMOS",
    "image stabilization": "Optical",
    "interface connection": "Video - Out (Unspecified)|HDMI|Audio - Line Out (1/8\" Mini)",
    "lcd screen size": "3 in",
    "max aperture": "3.6 1/f",
    "maximum video capture resolution": "1920 x 1080",
    "memory card support": "Secure Digital High Capacity (SDHC) Card|Secure Digital (SD) Card|Secure Digital Extended Capacity (SDXC)",
    "optical zoom": "12 X",
    "total pixels": "16800000 pixels",
    "url": "http://shop.usa.canon.com/shop/en/catalog/cameras/powershot-digital-elph-cameras/powershot-elph-340-hs-black",
    "warranty information": "1 year(s)",
    "weight": "4.59 oz",
    "width": "3.93 in"
}