{
    "<page title>": "Panasonic LUMIX DMC-LF1 White Digital Camera (12.1 MP, 7.1x Opt, SD/SDHC/SDXC Card Slot) Price Comparison at Buy.net",
    "camera body only": "Body Only",
    "camera type": "Bridge Camera",
    "depth": "1.1 in",
    "digital zoom": "4x",
    "effective megapixels": "12.1 Megapixel",
    "flash": "Auto Flash|Flash ON|Flash OFF|Red-eye Reduction|Slow Sync",
    "focal length": "6 mm to 42.80 mm",
    "focal length 35mm equivalent": "28 mm to 200 mm",
    "height": "2.4 in",
    "image sensor": "MOS",
    "image stabilization": "Optical",
    "installed memory": "87 MB",
    "interface connection": "USB",
    "lcd screen size": "3 in",
    "max aperture": "2 1/f",
    "maximum video capture resolution": "1920 x 1080",
    "memory card support": "Secure Digital (SD) Card|Secure Digital Extended Capacity (SDXC)|Secure Digital High Capacity (SDHC) Card",
    "optical zoom": "7.1 X",
    "total pixels": "12800000",
    "url": "http://www.panasonic.com",
    "warranty information": "1 Year",
    "weight": "6.00 oz",
    "width": "4.0 in",
    "wifi": "Yes"
}