{
    "<page title>": "Samsung Galaxy White Digital Camera (16.3 MP, 21x Opt) Price Comparison at Buy.net",
    "camera type": "Point & Shoot Digital Camera",
    "depth": "0.75 in",
    "effective megapixels": "16300000 pixels",
    "flash": "Built-in Flash",
    "focal length": "4.1 mm to 86.1 mm",
    "focal length 35mm equivalent": "23 mm to 483 mm",
    "gps enabled": "Yes",
    "height": "2.79 in",
    "image sensor": "CMOS",
    "image stabilization": "Optical",
    "installed memory": "8 GB",
    "interface connection": "USB|HDMI",
    "lcd screen size": "4.8 in",
    "maximum video capture resolution": "1920 x 1080",
    "memory card support": "Secure Digital High Capacity (SDHC) Card|Secure Digital (SD) Card|Secure Digital Extended Capacity (SDXC)",
    "optical zoom": "21 X",
    "total pixels": "17000000 pixels",
    "url": "http://www.samsung.com/us/photography/digital-cameras/EK-GC110ZWAXAR",
    "warranty information": "1 year(s)",
    "weight": "10.7 oz",
    "width": "5.07 in",
    "wifi": "Yes"
}