{
    "<page title>": "Canon PowerShot 150 IS 20 Megapixel Compact Camera - Red (2.7\" LCD - 10x Optical Zoom - Optical IS - 5152 X 3864 Image - 1280 X 720 Video - PictBridge - HD Movie Mode) Price Comparison at Buy.net",
    "camera type": "Compact Camera",
    "depth": "0.9 in",
    "digital zoom": "4x",
    "effective megapixels": "20 Megapixel",
    "flash": "Red-eye Fix|Slow Sync|Auto Flash|Flash ON|Flash OFF",
    "focal length": "4.30 mm to 43 mm",
    "focal length 35mm equivalent": "24 mm to 240 mm",
    "green compliance": "REACH|WEEE|RoHS",
    "height": "2.2 in",
    "image sensor": "CCD",
    "image stabilization": "Optical",
    "lcd screen size": "2.7 in",
    "maximum video capture resolution": "1280 x 720",
    "memory card support": "Secure Digital Extended Capacity (SDXC)|Secure Digital (SD) Card|Secure Digital High Capacity (SDHC) Card",
    "optical zoom": "10 X",
    "total pixels": "20500000",
    "url": "http://www.usa.canon.com",
    "warranty information": "1 Year",
    "weight": "4.41 oz",
    "width": "3.8 in"
}