{
    "<page title>": "Fujifilm FinePix XP60 Blue Digital Camera (16.4 MP, 5x Opt, SD/SDHC/SDXC Card Slot) Price Comparison at Buy.net",
    "camera type": "Compact Camera",
    "depth": "1 in",
    "digital zoom": "2x",
    "effective megapixels": "16.4 Megapixel",
    "environmental protection": "Water Proof|Shock Proof|Freeze Proof|Dust Proof",
    "flash": "Auto Flash|Flash OFF|Flash ON|Suppressed Flash|Slow Sync|Red-eye Reduction",
    "focal length": "5 mm to 25 mm",
    "focal length 35mm equivalent": "28 mm to 140 mm",
    "green compliance": "REACH|WEEE",
    "height": "2.6 in",
    "image sensor": "CMOS",
    "image stabilization": "Optical",
    "lcd screen size": "2.7 in",
    "maximum video capture resolution": "1920 x 1080",
    "memory card support": "Secure Digital (SD) Card|Secure Digital High Capacity (SDHC) Card|Secure Digital Extended Capacity (SDXC)",
    "optical zoom": "5 X",
    "url": "http://www.fujifilm.com",
    "warranty information": "1 Year",
    "weight": "5.82 oz",
    "width": "4.1 in"
}