{
    "<page title>": "Sony Cyber-shot DSC-WX80 Red Digital Camera (16.2 MP, 8x Opt, MS Duo/PRO Duo/PRO-HG Duo/SD/SDHC/SDXC Card Slot) Price Comparison at Buy.net",
    "camera type": "Compact Camera",
    "depth": "0.9 in",
    "effective megapixels": "16.2 Megapixel",
    "flash": "Flash OFF|Flash ON|Slow Sync|Auto Flash|Advanced Flash",
    "focal length 35mm equivalent": "28 mm to 224 mm",
    "height": "2.1 in",
    "image sensor": "Exmor R CMOS",
    "image stabilization": "Optical",
    "lcd screen size": "2.7 in",
    "maximum video capture resolution": "1920 x 1080",
    "memory card support": "Memory Stick Duo|Memory Stick PRO Duo|Memory Stick PRO Duo (Mark 2)|Memory Stick PRO-HG Duo|Secure Digital (SD) Card|Secure Digital High Capacity (SDHC) Card|Secure Digital Extended Capacity (SDXC UHS-I)",
    "optical zoom": "8 X",
    "total pixels": "16800000",
    "url": "http://www.sony.com",
    "warranty information": "1 Year",
    "weight": "3.80 oz",
    "width": "3.6 in"
}