{
    "<page title>": "Fujifilm X-T1 Black Digital Camera Kit W/ 18-55 Mm Lens (16.3 MP, SD/SDHC/SDXC Card Slot) Price Comparison at Buy.net",
    "camera body only": "Body with Lens Kit",
    "camera type": "Mirrorless Interchangeable Lens Camera",
    "depth": "1.8 in",
    "effective megapixels": "16300000 pixels",
    "environmental protection": "Water Resistant",
    "flash": "Built-in Flash|Accessory Shoe",
    "focal length": "18 mm - 55 mm",
    "focal length 35mm equivalent": "27 mm - 84 mm",
    "height": "3.5 in",
    "image sensor": "CMOS",
    "image stabilization": "Sensor Shift",
    "interface connection": "USB|HDMI",
    "lcd screen size": "3 in",
    "lens mount": "Fujifilm X",
    "max aperture": "4 X",
    "maximum video capture resolution": "1920 x 1080",
    "memory card support": "Secure Digital High Capacity (SDHC) Card|Secure Digital (SD) Card|Secure Digital Extended Capacity (SDXC)",
    "total pixels": "16700000 pixels",
    "url": "http://www.fujifilmusa.com/products/digital_cameras/x/fujifilm_x_t1/",
    "warranty information": "1 year(s)",
    "weight": "13.7 oz",
    "width": "5 in",
    "wifi": "Yes"
}