{
    "<page title>": "Samsung WB350F 16.3 Megapixel Compact Camera - Blue (3\" Touchscreen LCD - 21x Optical Zoom - Optical IS - 4608 X 3456 Image - 1920 X 1080 Video - HD Movie Mode) Price Comparison at Buy.net",
    "camera type": "Compact Camera",
    "depth": "1 in",
    "digital zoom": "9.4x",
    "effective megapixels": "16.3 Megapixel",
    "flash": "Auto Flash|Red-eye Reduction|Fill Flash|Flash ON|Flash OFF|Slow Sync|Red-eye Fix",
    "focal length": "4.10 mm to 86.10 mm",
    "focal length 35mm equivalent": "23 mm to 483 mm",
    "green compliance": "RoHS|WEEE",
    "height": "2.6 in",
    "image sensor": "BSI CMOS",
    "image stabilization": "Optical",
    "lcd screen size": "3 in",
    "maximum video capture resolution": "1920 x 1080",
    "memory card support": "microSD Card|microSDHC Card|microSD Extended Capacity (microSDXC)",
    "optical zoom": "21 X",
    "total pixels": "16700000",
    "url": "http://www.samsungusa.com",
    "warranty information": "1 Year",
    "weight": "7.68 oz",
    "width": "4.5 in"
}