{
    "<page title>": "Fujifilm FinePix S4800 16 Megapixel Compact Camera (3\" LCD - 30x Optical Zoom - Optical IS - 4608 X 3456 Image - 1280 X 720 Video - HDMI - PictBridge - HD Movie Mode) Price Comparison at Buy.net",
    "camera type": "Compact Camera",
    "depth": "100.0 mm",
    "digital zoom": "7.2x",
    "effective megapixels": "16 Megapixel",
    "flash": "Auto Flash|Flash OFF|Flash ON|Suppressed Flash|Slow Sync|Red-eye Reduction",
    "focal length": "4.30 mm to 129 mm",
    "focal length 35mm equivalent": "24 mm to 720 mm",
    "height": "93.0 mm",
    "image sensor": "CCD",
    "image stabilization": "Optical",
    "lcd screen size": "3 in",
    "maximum video capture resolution": "1280 x 720",
    "memory card support": "Secure Digital (SD) Card|Secure Digital High Capacity (SDHC) Card|Secure Digital Extended Capacity (SDXC)",
    "normalizeddigital zoom": "7.2",
    "normalizedheight": "93.0",
    "normalizedoptical zoom": "30",
    "normalizedweight": "15.0378",
    "optical zoom": "30 X",
    "url": "http://www.fujifilm.ca",
    "warranty information": "2 Year",
    "weight": "426.0 g",
    "width": "122.0 mm"
}