{
    "<page title>": "Fujifilm X-Pro1 Black Mirrorless Digital Camera (16.3 MP, SD/SDHC/SDXC Card Slot) Price Comparison at Buy.net",
    "camera body only": "Body Only",
    "camera type": "Mirrorless Camera",
    "depth": "1.7 in",
    "effective megapixels": "16.3 Megapixel",
    "flash": "Auto Flash|Flash ON|Flash OFF|Red-eye Reduction|Slow Sync|Suppressed Flash|Rear Curtain Sync",
    "height": "3.2 in",
    "image sensor": "X-Trans CMOS",
    "interface connection": "HDMI|USB",
    "lcd screen size": "3 in",
    "lens mount": "Fujifilm X-mount",
    "maximum video capture resolution": "1920 x 1080",
    "memory card support": "Secure Digital (SD) Card|Secure Digital Extended Capacity (SDXC UHS-I)|Secure Digital High Capacity (SDHC) Card",
    "url": "http://www.fujifilm.com",
    "warranty information": "1 Year Limited",
    "weight": "14.11 oz",
    "width": "5.5 in"
}