{
    "<page title>": "Sony Cyber-shot DSC-W830 20.1 Megapixel Compact Camera - Black (2.7\" LCD - 8x Optical Zoom - Optical IS - 11520 X 1080 Image - 1280 X 720 Video - HD Movie Mode) Price Comparison at Buy.net",
    "camera type": "Compact Camera",
    "depth": "0.9 in",
    "digital zoom": "4x",
    "effective megapixels": "20.1 Megapixel",
    "flash": "Auto Flash|Flash ON|Slow Sync|Flash OFF|Advanced Flash|Flash Exposure Compensation",
    "focal length": "4.50 mm to 36 mm",
    "focal length 35mm equivalent": "34 mm to 381 mm",
    "height": "2.1 in",
    "image sensor": "Super HAD CCD",
    "image stabilization": "Optical",
    "lcd screen size": "2.7 in",
    "maximum video capture resolution": "1280 x 720",
    "memory card support": "Memory Stick Duo|Memory Stick PRO Duo|Memory Stick PRO-HG Duo|Memory Stick Micro|Memory Stick Micro (M2)|Secure Digital (SD) Card|Secure Digital High Capacity (SDHC) Card|Secure Digital Extended Capacity (SDXC)|microSD Card|microSDHC Card|Memory Stick XC-HG Duo|microSD Extended Capacity (microSDXC)",
    "optical zoom": "8 X",
    "total pixels": "20500000",
    "url": "http://www.sony.com",
    "warranty information": "1 Year",
    "weight": "3.74 oz",
    "width": "3.7 in"
}