{
    "<page title>": "Fuji Blowers FinePix JX680 16 Megapixel Compact Camera - Black (3\" LCD - 5x Optical Zoom - 4608 X 3440 Image - 1280 X 720 Video - PictBridge - HD Movie Mode) Price Comparison at Buy.net",
    "analog video out": "Yes",
    "battery builtin": "No",
    "battery include": "Yes",
    "battery model supported": "NP-45A / NP-45B",
    "battery rechargeable": "Yes",
    "brand name": "Fujifilm",
    "builtin flash": "Yes",
    "camera modes": "Shooting Modes:SR AUTOAUTOProgramNatural Light and with FlashNatural LightPortraitBabySmileLandscapePanoramaSportNightNight (Tripod)FireworksSunsetSnowBeachPartyFlowerTextAdvanced FilterIndividual Shutter 3D",
    "camera type": "Compact Camera",
    "depth": "0.8 in",
    "digital zoom": "7.2x",
    "effective megapixels": "16 Megapixel",
    "exposure control": "Program AE",
    "flash": "Auto Flash|Flash OFF|Flash ON|Suppressed Flash|Slow Sync|Red-eye Reduction",
    "focal length": "4.60 mm to 23 mm",
    "focal length 35mm equivalent": "26 mm to 130 mm 26 mm to 130 mm",
    "green compliance": "REACH|WEEE",
    "hd movie mode": "Yes",
    "height": "2.2 in",
    "image sensor": "CCD",
    "iso sensitivity": "ISO 3200",
    "lcd screen size": "3 in",
    "lens construction": "6 Elements in 5 Groups",
    "longest shutter speed": "8 Second",
    "maximum diopter adjustment": "No",
    "maximum frame rate": "30 fps",
    "maximum video capture resolution": "1280 x 720",
    "memory card support": "Secure Digital (SD) Card|Secure Digital High Capacity (SDHC) Card|Secure Digital Extended Capacity (SDXC)",
    "minimum diopter adjustment": "No",
    "normalizeddigital zoom": "7.2",
    "normalizedheight": "55.88",
    "normalizedoptical zoom": "5",
    "normalizedweight": "3.67",
    "number of batteries support": "1",
    "optical zoom": "5 X",
    "parent product type": "Digital Camera",
    "parent retsku": "B00ESVDAZE",
    "pictbridge": "Yes",
    "product line": "FinePix",
    "product model": "JX680",
    "product series": "J",
    "shortest shutter speed": "1/1400 Second",
    "url": "http://www.fujifilm.com",
    "viewfinder type": "No",
    "warranty information": "1 Year",
    "weight": "3.67 oz",
    "white balance modes": "Automatic Scene RecognitionFineShadeFluorescent Light (Daylight)Fluorescent Light (Warm White)Fluorescent Light (Cool White)Incandescent Light",
    "wide angle": "Yes",
    "width": "3.7 in"
}