{
    "<page title>": "Nikon D7100 24.1 Megapixel Digital SLR Camera Body With Lens Kit - 18 Mm - 140 Mm (3.2\" LCD - 7.8x Optical Zoom - Optical IS - 6000 X 4000 Image - 1920 X 1080 Video - HDMI - PictBridge - HD Movie Mode) Price Comparison at Buy.net",
    "camera body only": "Body with Lens Kit",
    "camera type": "Digital SLR Camera",
    "depth": "3 in",
    "effective megapixels": "24.1 Megapixel",
    "environmental protection": "Water Resistant|Dust Resistant",
    "flash": "Auto Flash|Flash OFF|Flash ON|Slow Sync|Red-eye Reduction|Rear Curtain Sync|Flash Exposure Compensation|High Speed Sync|X-sync",
    "focal length": "18 mm to 140 mm (Lens 1)",
    "green compliance": "WEEE|RoHS",
    "height": "4.2 in",
    "image sensor": "CMOS",
    "image stabilization": "Optical",
    "lcd screen size": "3.2 in",
    "lens mount": "Nikon F",
    "maximum video capture resolution": "1920 x 1080",
    "memory card support": "Secure Digital (SD) Card|Secure Digital Extended Capacity (SDXC)|Secure Digital High Capacity (SDHC) Card|Secure Digital Extended Capacity (SDXC UHS-I)|Secure Digital High Capacity (SDHC UHS-I)",
    "optical zoom": "7.8 X",
    "total pixels": "24700000",
    "url": "http://www.nikon.com",
    "warranty information": "1 Year",
    "weight": "1.49 lbs",
    "width": "5.3 in"
}