{
    "<page title>": "Nikon Coolpix S3600 Silver Digital Camera (20.1 MP, 8x Opt, SD/SDHC/SDXC Card Slot) Price Comparison at Buy.net",
    "camera type": "Point & Shoot Digital Camera",
    "depth": "0.8 in",
    "digital zoom": "4 X",
    "effective megapixels": "20100000 pixels",
    "flash": "Built-in Flash",
    "focal length": "4.5 to 36.0 mm",
    "focal length 35mm equivalent": "25 mm to 200 mm",
    "height": "2.3 in",
    "image sensor": "CCD",
    "installed memory": "25 MB",
    "interface connection": "USB|Video - Out (Unspecified)",
    "lcd screen size": "2.7 in",
    "max aperture": "3.7 1/f",
    "maximum video capture resolution": "1280 x 720",
    "memory card support": "Secure Digital High Capacity (SDHC) Card|Secure Digital (SD) Card|Secure Digital Extended Capacity (SDXC)",
    "optical zoom": "8 X",
    "total pixels": "20480000 pixels",
    "url": "http://www.nikonusa.com/en/Nikon-Products/Product/Compact-Digital-Cameras/COOLPIX-S3600.html",
    "warranty information": "1 year(s)",
    "weight": "4.5 oz",
    "width": "3.9 in"
}