{
    "<page title>": "Canon EOS Rebel T5i Black SLR Digital Camera Kit W/ 18-55 Mm Lens (18 MP, SD/SDHC/SDXC Cardslot) Price Comparison at Buy.net",
    "camera body only": "Body with Lens Kit",
    "camera type": "Digital SLR Camera",
    "depth": "3.1 in",
    "digital zoom": "No",
    "effective megapixels": "18 Megapixel",
    "flash": "Auto Flash|Flash ON|Flash OFF|Red-eye Reduction",
    "focal length": "18 mm to 55 mm (Lens 1)",
    "focal length 35mm equivalent": "29 mm to 88 mm (Lens 1)",
    "green compliance": "RoHS|WEEE|REACH",
    "height": "3.9 in",
    "image sensor": "CMOS",
    "image stabilization": "Optical",
    "lcd screen size": "3 in",
    "lens mount": "Canon EF/EF-S",
    "maximum video capture resolution": "1920 x 1080",
    "memory card support": "Secure Digital (SD) Card|Secure Digital High Capacity (SDHC) Card|Secure Digital Extended Capacity (SDXC)|Eye-Fi Card",
    "optical zoom": "3.1 X",
    "total pixels": "18500000",
    "url": "http://www.usa.canon.com",
    "warranty information": "1 Year",
    "weight": "1.16 lbs",
    "width": "5.2 in"
}