{
    "<page title>": "Fujifilm FinePix JX700 16 Megapixel Compact Camera - Pink (2.7\" LCD - 5x Optical Zoom - Electronic IS - 4608 X 3440 Image - 1920 X 1080 Video - PictBridge - HD Movie Mode) Price Comparison at Buy.net",
    "camera type": "Compact Camera",
    "depth": "0.8 in",
    "digital zoom": "7.2x",
    "effective megapixels": "16 Megapixel",
    "flash": "Auto Flash|Flash ON|Flash OFF|Slow Sync|Red-eye Reduction|Suppressed Flash",
    "focal length": "4.60 mm to 23 mm",
    "focal length 35mm equivalent": "26 mm to 130 mm",
    "green compliance": "RoHS|REACH",
    "height": "2.3 in",
    "image sensor": "CCD",
    "image stabilization": "Electronic",
    "lcd screen size": "2.7 in",
    "maximum video capture resolution": "1920 x 1080",
    "memory card support": "Secure Digital (SD) Card|Secure Digital High Capacity (SDHC) Card|Secure Digital Extended Capacity (SDXC)",
    "optical zoom": "5 X",
    "product type": "Compact Camera",
    "url": "http://www.fujifilm.com",
    "warranty information": "1 Year",
    "weight": "3.56 oz",
    "width": "3.8 in"
}