{
    "<page title>": "Panasonic Lumix DMC-GF6 Mirrorless Micro Four Thirds Digital Camera With 14-42mm F/3.5-5.6 II Lens Price Comparison at Buy.net",
    "analog video out": "Yes",
    "autofocus points": "23",
    "battery builtin": "No",
    "battery include": "Yes",
    "battery model supported": "DMW-BLG10PP",
    "battery rechargeable": "Yes",
    "brand name": "Panasonic",
    "builtin flash": "Yes",
    "camera modes": "Scene Modes: Clear Portrait Silky Skin Backlit Softness Clear in Backlight Relaxing Tone Sweet Child's Face Distinct Scenery Bright Blue Sky Romantic Sunset Glow Vivid Sunset Glow Glistening Water Clear Nightscape Cool Night Sky Warm Glowing Nightscape Artistic Nightscape Glittering Illuminations Clear Night Portrait Soft Image of a Flower Appetizing Food Cute Dessert Freeze Animal Motion Clear Sports Shot Monochrome",
    "exposure control": "Program AE Aperture Priority AE Shutter Priority AE Manual",
    "focal length 35mm equivalent": "28 mm to 84 mm (Lens 1)",
    "gps": "No",
    "green compliance": "Yes",
    "hd movie mode": "Yes",
    "iso sensitivity": "ISO 25600",
    "lens construction": "9 Elements in 8 Groups",
    "longest shutter speed": "60 Second",
    "maximum diopter adjustment": "No",
    "maximum frame rate": "30 fps",
    "minimum diopter adjustment": "No",
    "number of batteries support": "1",
    "parent retsku": "B00C97ZZ4S",
    "pictbridge": "Yes",
    "product line": "Lumix",
    "product model": "DMC-GF6",
    "product series": "G",
    "self timer": "10 Second",
    "shortest shutter speed": "1/16000 Second",
    "viewfinder type": "No",
    "white balance modes": "Auto Daylight Cloudy Shade Incandescent Flash White Set 1, 2 Color Temperature Setting"
}