{
    "<page title>": "Fujifilm FinePix Z33WP 10 Megapixel Compact Camera - Green (2.7\" LCD - 3x Optical Zoom - 3648 X 2736 Image - 640 X 480 Video) Price Comparison at Buy.net",
    "camera type": "Compact Camera",
    "depth": "0.8 in",
    "digital zoom": "5.7x",
    "effective megapixels": "10 Megapixel",
    "flash": "Auto Flash|Flash OFF|Flash ON|Red-eye Reduction",
    "focal length": "6.30 mm to 18.90 mm",
    "height": "2.3 in",
    "image sensor": "CCD",
    "image stabilization": "Optical",
    "installed memory": "50 MB",
    "interface connection": "1 x USB|1 x Video Out",
    "lcd screen size": "2.7 in",
    "lens mount": "Fixed",
    "max aperture": "3.7 1/f",
    "maximum video capture resolution": "640 x 480",
    "memory card support": "Secure Digital (SD) Card|Secure Digital High Capacity (SDHC) Card",
    "optical zoom": "3 X",
    "total pixels": "10000000",
    "url": "http://www.fujifilm.com",
    "warranty information": "1 Year Limited",
    "weight": "3.88 oz",
    "width": "3.6 in"
}