{
    "<page title>": "Nikon Coolpix L810 16.1 Megapixel Compact Camera - Blue (3\" LCD - 26x Optical Zoom - Optical IS - 4608 X 3456 Image - 1280 X 720 Video - HDMI - HD Movie Mode) Price Comparison at Buy.net",
    "analog video out": "Yes",
    "battery builtin": "No",
    "battery include": "Yes",
    "battery model supported": "LR6 / L40 / EN-MH2",
    "brand name": "Nikon",
    "builtin flash": "Yes",
    "camera modes": "Shooting Modes:Easy AutoSmart PortraitAutoScene Modes:PortraitLandscapeSportsNight PortraitParty/IndoorBeachSnowSunsetDusk/DawnNight LandscapeClose-upFoodMuseumFireworks ShowBlack and White CopyBacklightingPanorama AssistPet Portrait3D Photography",
    "camera type": "Compact Camera",
    "depth": "3.3 in",
    "digital zoom": "4x",
    "effective megapixels": "16.1 Megapixel",
    "exposure control": "Programmed Auto Exposure",
    "flash": "Auto Flash|Flash ON|Flash OFF|Slow Sync|Red-eye Reduction",
    "focal length": "4 mm to 104 mm",
    "focal length 35mm equivalent": "22.50 mm to 585 mm 22.50 mm to 585 mm",
    "gps": "No",
    "hd movie mode": "Yes",
    "height": "3.0 in",
    "image sensor": "CCD",
    "image stabilization": "Optical",
    "iso sensitivity": "ISO 1600",
    "language support": "Vietnamese",
    "lcd screen size": "3 in",
    "lens construction": "12 Elements in 9 Groups",
    "longest shutter speed": "4 Second",
    "maximum diopter adjustment": "No",
    "maximum frame rate": "30 fps",
    "maximum video capture resolution": "1280 x 720",
    "memory card support": "Eye-Fi Card|Secure Digital (SD) Card|Secure Digital High Capacity (SDHC) Card|Secure Digital Extended Capacity (SDXC)",
    "minimum diopter adjustment": "No",
    "normalizeddigital zoom": "4",
    "normalizedheight": "76.2",
    "normalizedoptical zoom": "26",
    "normalizedweight": "15.17",
    "number of batteries support": "4",
    "optical zoom": "26 X",
    "product line": "Coolpix",
    "product model": "L810",
    "product series": "L",
    "shortest shutter speed": "1/1500 Second",
    "total pixels": "16400000",
    "url": "http://www.nikon.com",
    "viewfinder type": "No",
    "weight": "15.17 oz",
    "white balance modes": "AutoCloudyDaylightFlashFluorescentIncandescentManual",
    "wide angle": "Yes",
    "width": "4.4 in"
}