{
    "<page title>": "Panasonic Lumix DMC-GX7 Silver Digital Camera Kit W/ 14-42 Mm Lens (16 MP, 3x Opt, SD/SDHC/SDXC Card Slot) Price Comparison at Buy.net",
    "camera body only": "Body with Lens Kit",
    "camera type": "Mirrorless Interchangeable Lens Camera",
    "digital zoom": "4 X",
    "effective megapixels": "16 Megapixel",
    "flash": "Accessory Shoe|Built-in Flash",
    "focal length": "14 - 42 mm",
    "focal length 35mm equivalent": "28 - 84 mm",
    "image sensor": "CMOS",
    "image stabilization": "Sensor Shift",
    "interface connection": "Audio - Line In (1/8\" Mini)|HDMI|USB",
    "lcd screen size": "3 in",
    "lens mount": "Micro Four Thirds",
    "max aperture": "3.5 1/f",
    "maximum video capture resolution": "1920 x 1080",
    "memory card support": "Secure Digital (SD) Card|Secure Digital Extended Capacity (SDXC)|Secure Digital High Capacity (SDHC) Card",
    "total pixels": "16.84 Megapixel",
    "url": "http://panasonic.net/avc/lumix/systemcamera/gms/gx7/index.html",
    "weight": "1.13 lbs",
    "wifi": "Yes"
}