{
    "<page title>": "Nikon D5300 Black SLR Digital Camera Kit W/ 18-55 Mm Lens (24.2 MP, SD/SDHC/SDXC Card Slot) Price Comparison at Buy.net",
    "camera body only": "Body with Lens Kit",
    "camera type": "Digital SLR Camera",
    "depth": "3 in",
    "effective megapixels": "24200000 pixels",
    "flash": "Built-in Flash|Accessory Shoe",
    "focal length": "18 mm to 55 mm",
    "focal length 35mm equivalent": "27 mm to 82.5 mm",
    "gps enabled": "Yes",
    "green compliance": "WEEE|RoHS",
    "height": "3.9 in",
    "image sensor": "CMOS",
    "image stabilization": "Sensor Shift",
    "interface connection": "USB|HDMI",
    "lcd screen size": "3.2 in",
    "lens mount": "Nikon F",
    "max aperture": "3.5 1/f",
    "maximum video capture resolution": "1920 x 1080",
    "memory card support": "Secure Digital High Capacity (SDHC) Card|Secure Digital Extended Capacity (SDXC)|Secure Digital (SD) Card",
    "total pixels": "24780000 pixels",
    "url": "http://www.nikonusa.com/en/Nikon-Products/Product/Digital-SLR-Cameras/1519/D5300.html",
    "warranty information": "1 year(s)",
    "weight": "16.9 oz",
    "width": "4.92 in",
    "wifi": "Yes",
    "you are reviewing": "Nikon D5300 Black SLR Digital Camera Kit w/ 18-55 mm Lens (24.2"
}