{
    "<page title>": "Fujifilm FinePix JX600 14 Megapixel Compact Camera - Black (2.7\" LCD - 5x Optical Zoom - 4288 X 3216 Image - 1280 X 720 Video - PictBridge - HD Movie Mode) Price Comparison at Buy.net",
    "camera type": "Compact Camera",
    "depth": "0.8 in",
    "digital zoom": "6.7x",
    "effective megapixels": "14 Megapixel",
    "flash": "Red-eye Reduction|Auto Flash|Flash ON|Flash OFF|Slow Sync|Suppressed Flash",
    "focal length": "4.6 mm to 23 mm",
    "focal length 35mm equivalent": "26 mm to 130 mm",
    "green compliance": "REACH|RoHS",
    "height": "2.2 in",
    "image sensor": "CCD",
    "lcd screen size": "2.7 in",
    "maximum video capture resolution": "1280 x 720",
    "memory card support": "Secure Digital Extended Capacity (SDXC)|Secure Digital High Capacity (SDHC) Card|Secure Digital (SD) Card",
    "optical zoom": "5 X",
    "url": "http://www.fujifilm.ca",
    "warranty information": "1 Year",
    "weight": "97 g",
    "width": "3.7 in"
}