{
    "<page title>": "Canon EOS 70D Black Digital SLR Camera Kit W/ 18-55 Mm Lens (20.2 MP, 3.1x Opt, SD Card Slot) Price Comparison at Buy.net",
    "camera body only": "Body with Lens Kit",
    "camera type": "Digital SLR Camera",
    "depth": "3.1 in",
    "effective megapixels": "20.2 Megapixel",
    "environmental protection": "Water Resistant|Dust Resistant",
    "flash": "Auto Flash|Flash ON|Flash OFF|Red-eye Reduction|Flash Exposure Compensation",
    "focal length": "18 mm to 55 mm (Lens 1)",
    "focal length 35mm equivalent": "29 mm to 88 mm (Lens 1)",
    "green compliance": "WEEE|RoHS|REACH",
    "height": "4.1 in",
    "image sensor": "CMOS",
    "image stabilization": "Optical",
    "interface connection": "Audio - Line In (1/8\" Mini)|HDMI|USB",
    "lcd screen size": "3 in",
    "lens mount": "Canon EF",
    "max aperture": "3.5 1/f",
    "maximum video capture resolution": "1920 x 1080",
    "memory card support": "Secure Digital (SD) Card|Secure Digital Extended Capacity (SDXC)|Secure Digital High Capacity (SDHC) Card|Secure Digital Extended Capacity (SDXC UHS-I)|Secure Digital High Capacity (SDHC UHS-I)|Eye-Fi Card",
    "optical zoom": "3.1 X",
    "total pixels": "20900000",
    "url": "http://www.usa.canon.com",
    "warranty information": "1 Year",
    "weight": "1.49 lbs",
    "width": "5.5 in",
    "wifi": "Yes",
    "you are reviewing": "Canon EOS 70D Black Digital SLR Camera Kit w/ 18-55 mm Lens (20.2"
}