{
    "<page title>": "Canon EOS 5D Mark III Black SLR Digital Camera Body Only (22.3 MP, CompactFlash/SD/SDHC/SDXC Card Slot) Price Comparison at Buy.net",
    "camera body only": "Body Only",
    "camera type": "Digital SLR Camera",
    "depth": "3.0 in",
    "digital zoom": "No",
    "effective megapixels": "22.3 Megapixel",
    "flash": "Auto Flash|Rear Curtain Sync|Flash Exposure Compensation|X-sync|Red-eye Reduction",
    "green compliance": "REACH|WEEE|RoHS",
    "height": "4.6 in",
    "image sensor": "CMOS",
    "image stabilization": "No",
    "lcd screen size": "3.2 in",
    "lens mount": "Canon EF/EF-S",
    "maximum video capture resolution": "1920 x 1080",
    "memory card support": "Secure Digital (SD) Card|Secure Digital High Capacity (SDHC) Card|Secure Digital Extended Capacity (SDXC)|CompactFlash (CF) Card",
    "total pixels": "22400000",
    "url": "http://www.usa.canon.com",
    "warranty information": "1 Year Limited",
    "weight": "1.90 lbs",
    "width": "6.0 in"
}