{
    "<page title>": "Nikon D3200 Black SLR Digital Camera Kit W/ 18-55 Mm Lens (24.2 MP, SD/SDHC/SDXC Card Slot) Price Comparison at Buy.net",
    "camera body only": "Body with Lens Kit",
    "camera type": "Digital SLR Camera",
    "depth": "3.1 in",
    "effective megapixels": "24200000 pixels",
    "flash": "Built-in Flash|Accessory Shoe",
    "focal length": "55 mm to 200 mm",
    "focal length 35mm equivalent": "82.5 mm to 300 mm",
    "gps enabled": "Yes",
    "green compliance": "RoHS|WEEE",
    "height": "3.8 in",
    "image sensor": "CMOS",
    "image stabilization": "Sensor Shift",
    "interface connection": "USB|Video - Out (Unspecified)|HDMI|Audio - Line In (1/8\" Mini)",
    "lcd screen size": "3 in",
    "lens mount": "Nikon F",
    "max aperture": "3.5 1/f",
    "maximum video capture resolution": "1920 x 1080",
    "memory card support": "Secure Digital High Capacity (SDHC) Card|Secure Digital Extended Capacity (SDXC)|Secure Digital (SD) Card",
    "total pixels": "24700000 pixels",
    "url": "http://www.nikonusa.com/en/Nikon-Products/Product/Digital-SLR-Cameras/25492/D3200.html",
    "warranty information": "1 year(s)",
    "weight": "16 oz",
    "width": "5 in",
    "wifi": "Yes",
    "you are reviewing": "Nikon D3200 Black SLR Digital Camera Kit w/ 18-55 mm Lens (24.2"
}