{
    "<page title>": "Leica V-LUX 4 Black Digital Camera (12.1 MP, 24x Opt, SD/SDHC/SDXC Card Slot) Price Comparison at Buy.net",
    "camera type": "Bridge Camera",
    "depth": "4.3 in",
    "digital zoom": "4x",
    "effective megapixels": "12.1 Megapixel",
    "flash": "Auto Flash|Flash OFF|Flash ON|Slow Sync|Pre-flash|Red-eye Reduction",
    "focal length": "4.50 mm to 108 mm",
    "focal length 35mm equivalent": "25 mm to 600 mm",
    "height": "3.4 in",
    "image sensor": "CMOS",
    "image stabilization": "Optical",
    "lcd screen size": "3 in",
    "maximum video capture resolution": "1920 x 1080",
    "memory card support": "Secure Digital (SD) Card|Secure Digital Extended Capacity (SDXC)|Secure Digital High Capacity (SDHC) Card",
    "optical zoom": "24 X",
    "total pixels": "12800000",
    "url": "http://www.leica-camera.com",
    "weight": "1.30 lbs",
    "width": "4.9 in"
}