{
    "<page title>": "Polaroid Z340 Instant Digital Camera W/ Universal Adapters (14 MP, SD/SDHC Card Slot) Price Comparison at Buy.net",
    "camera body only": "Yes",
    "depth": "6.1 in",
    "flash": "Flash Cancel (On/Off)|Built-in Flash|Automatic Flash",
    "height": "2.6 in",
    "optical zoom": "5 X",
    "product type": "Instant Film Camera",
    "url": "http://www.polaroidstore.com/store/products/instant-cameras/14-megapixel-instant-print-digital-camera-z340e-black.htm",
    "warranty information": "1 year(s)",
    "weight": "1.37 lbs",
    "width": "5 in"
}