{
    "<page title>": "Fujifilm FinePix F750EXR 16 Megapixel Compact Camera - White (3\" LCD - 20x Optical Zoom - Optical IS - 4608 X 3456 Image - 1920 X 1080 Video - HDMI - PictBridge - HD Movie Mode) Price Comparison at Buy.net",
    "analog video out": "Yes",
    "battery builtin": "No",
    "battery include": "Yes",
    "battery model supported": "NP-50",
    "battery rechargeable": "Yes",
    "brand name": "Fujifilm",
    "builtin flash": "Yes",
    "camera modes": "Shooting Modes:Natural LightNatural Light & with FlashPortraitPortrait EnhancerDogCatLandscapeSportNightNight (Tripod)FireworksSunsetSnowBeachUnderwaterPartyFlowerText",
    "camera type": "Compact Camera",
    "depth": "1.4 in",
    "digital zoom": "2x",
    "effective megapixels": "16 Megapixel",
    "exposure control": "Program AEAperture Priority AEShutter Priority AEManual",
    "flash": "Auto Flash|Flash ON|Flash OFF|Slow Sync|Red-eye Reduction",
    "focal length": "4.60 mm to 92 mm",
    "focal length 35mm equivalent": "25 mm to 500 mm 25 mm to 500 mm",
    "gps": "No",
    "green compliance": "RoHS|REACH",
    "hd movie mode": "Yes",
    "height": "2.5 in",
    "image sensor": "EXR-CMOS",
    "image stabilization": "Optical",
    "iso sensitivity": "ISO 12800",
    "lcd screen size": "3 in",
    "lens construction": "14 Elements in 11 Groups",
    "longest shutter speed": "8 Second",
    "maximum diopter adjustment": "No",
    "maximum frame rate": "30 fps",
    "maximum video capture resolution": "1920 x 1080",
    "memory card support": "Secure Digital (SD) Card|Secure Digital High Capacity (SDHC) Card|Secure Digital Extended Capacity (SDXC)",
    "minimum diopter adjustment": "No",
    "normalizeddigital zoom": "2",
    "normalizedheight": "63.5",
    "normalizedoptical zoom": "20",
    "normalizedweight": "7.37",
    "number of batteries support": "1",
    "optical zoom": "20 X",
    "parent product type": "Digital Camera",
    "pictbridge": "Yes",
    "product line": "FinePix",
    "product model": "F750EXR",
    "product series": "F",
    "shortest shutter speed": "1/2000 Second",
    "url": "http://www.fujifilm.com",
    "viewfinder type": "No",
    "warranty information": "1 Year Limited",
    "weight": "7.37 oz",
    "white balance modes": "Automatic Scene RecognitionFineShadeFluorescent Light (Daylight)Fluorescent Light (Warm White)Fluorescent Light (Cool White)Incandescent LightUnderwaterCustom",
    "width": "4.1 in"
}