{
    "<page title>": "Nikon Coolpix L830 Red Digital Camera (16 MP, 34x Opt, SD/SDHC/SDXC Card Slot) Price Comparison at Buy.net",
    "camera type": "Point & Shoot Digital Camera",
    "depth": "3.6 in",
    "digital zoom": "4 X",
    "effective megapixels": "16000000 pixels",
    "flash": "Built-in Flash|Accessory Shoe",
    "focal length": "4 mm to 136 mm",
    "focal length 35mm equivalent": "22.5 mm to 765 mm",
    "height": "3 in",
    "image sensor": "CMOS",
    "image stabilization": "Sensor Shift",
    "installed memory": "59 MB",
    "interface connection": "USB|Video - Out (Unspecified)|HDMI|A/V (RCA Composite)",
    "lcd screen size": "3 in",
    "max aperture": "3 1/f",
    "maximum video capture resolution": "1920 x 1080",
    "memory card support": "Secure Digital (SD) Card|Secure Digital Extended Capacity (SDXC)|Secure Digital High Capacity (SDHC) Card",
    "optical zoom": "34 X",
    "total pixels": "16760000 pixels",
    "url": "http://www.nikonusa.com/en/Nikon-Products/Product/Compact-Digital-Cameras/COOLPIX-L830.html",
    "warranty information": "1 year(s)",
    "weight": "1.13 lbs",
    "width": "4.4 in"
}