{
    "<page title>": "Sony A7R Black Interchangeable Lens Digital SLR Camera Body Only (36.4 MP, Memory Stick/SD Card Slot) Price Comparison at Buy.net",
    "camera body only": "Body Only",
    "camera type": "Mirrorless Camera",
    "depth": "1.9 in",
    "digital zoom": "4x",
    "effective megapixels": "36.4 Megapixel",
    "environmental protection": "Dust Resistant|Moisture Resistant",
    "flash": "Auto Flash|Flash OFF|Flash ON|Slow Sync|Rear Flash Sync|Pre-flash|Red-eye Reduction|Flash Exposure Compensation|Wireless Flash",
    "height": "3.7 in",
    "image sensor": "Exmor APS HD CMOS sensor",
    "image stabilization": "No",
    "interface connection": "Audio - Line In (1/8\" Mini)|Audio - Line Out (1/8\" Mini)|HDMI|USB|Video - Out (Unspecified)",
    "lcd screen size": "3 in",
    "lens mount": "Sony E",
    "maximum video capture resolution": "1920 x 1080",
    "memory card support": "Memory Stick PRO Duo|Memory Stick PRO-HG Duo|Memory Stick XC-HG Duo|Secure Digital (SD) Card|Secure Digital Extended Capacity (SDXC)|Secure Digital High Capacity (SDHC) Card|Memory Stick Duo|Secure Digital High Capacity (SDHC UHS-I)|Secure Digital Extended Capacity (SDXC UHS-I)",
    "total pixels": "36800000",
    "url": "http://www.sony.com",
    "warranty information": "1 Year",
    "weight": "14.36 oz",
    "width": "5 in",
    "wifi": "Yes"
}