{
    "<page title>": "Nikon D7100 DSLR Camera - Body Only (24.1 MP, SD/SDHC/SDXC Card Slot) Price Comparison at Buy.net",
    "camera body only": "Body Only",
    "camera type": "Digital SLR Camera",
    "depth": "3.0 in",
    "digital zoom": "No",
    "effective megapixels": "24.1 Megapixel",
    "flash": "Auto Flash|Flash ON|Flash OFF|High Speed Sync|Rear Curtain Sync|Red-eye Reduction|Slow Sync|Front Curtain Sync|X-sync",
    "green compliance": "WEEE|RoHS",
    "height": "4.2 in",
    "image sensor": "CMOS",
    "interface connection": "Audio - Line In (1/8\" Mini)|HDMI|Infrared - iRDA Wireless (iRDA-SIR)|USB",
    "lcd screen size": "3.2 in",
    "lens mount": "Nikon F",
    "maximum video capture resolution": "1920 x 1080",
    "memory card support": "Secure Digital (SD) Card|Secure Digital Extended Capacity (SDXC)|Secure Digital High Capacity (SDHC) Card|Eye-Fi Card",
    "total pixels": "24700000",
    "url": "http://www.nikon.com",
    "warranty information": "1 Year",
    "weight": "1.49 lbs",
    "width": "5.3 in"
}