{
    "<page title>": "Nikon V3 Black Digital Camera Kit W/ 10-30 Mm Lens (18.4 MP, MicroSD/microSDHC/microSDXC Card Slot) Price Comparison at Buy.net",
    "camera body only": "Body with Lens Kit",
    "camera type": "Mirrorless Interchangeable Lens Camera",
    "depth": "1.3 in",
    "effective megapixels": "18400000 pixels",
    "flash": "Built-in Flash|Accessory Shoe",
    "height": "2.6 in",
    "image sensor": "CMOS",
    "image stabilization": "Sensor Shift",
    "interface connection": "USB|HDMI",
    "lcd screen size": "3 in",
    "lens mount": "Nikon 1",
    "maximum video capture resolution": "1920 x 1080",
    "memory card support": "microSDHC Card|microSD Card",
    "url": "http://www.nikonusa.com/en/Nikon-Products/Product/Nikon1/27695/Nikon-1-V3.html",
    "warranty information": "1 year(s)",
    "weight": "11.4 oz",
    "width": "4.4 in"
}