{
    "<page title>": "Nikon Coolpix P530 Black Digital Camera (16.1 MP, 42x Opt, SD/SDHC/SDXC Card Slot, 56 MB) Price Comparison at Buy.net",
    "camera type": "Point & Shoot Digital Camera",
    "depth": "3.9 in",
    "digital zoom": "4 X",
    "effective megapixels": "16100000 pixels",
    "flash": "Accessory Shoe|Built-in Flash",
    "focal length": "4.3 mm to 180 mm",
    "focal length 35mm equivalent": "24 mm to 1000 mm",
    "height": "3.4 in",
    "image sensor": "CMOS",
    "image stabilization": "Optical",
    "installed memory": "56 MB",
    "interface connection": "Video - Out (Unspecified)|USB|HDMI",
    "lcd screen size": "3 in",
    "max aperture": "3 1/f",
    "maximum video capture resolution": "1920 x 1080",
    "memory card support": "Secure Digital (SD) Card|Secure Digital Extended Capacity (SDXC)|Secure Digital High Capacity (SDHC) Card",
    "optical zoom": "42 X",
    "total pixels": "16760000 pixels",
    "url": "http://www.nikonusa.com/en/Nikon-Products/Product/Compact-Digital-Cameras/26464/COOLPIX-P530.html",
    "warranty information": "1 year(s)",
    "weight": "17.5 oz",
    "width": "4.9 in",
    "wifi": "Yes"
}