{
    "<page title>": "Canon PowerShot 340 HS 16 Megapixel Compact Camera - 4.50 Mm - 54 Mm - Silver (3\" LCD - 12x Optical Zoom - Optical IS - 4608 X 3456 Image - 1920 X 1080 Video - HDMI - PictBridge - HD Movie Mode) Price Comparison at Buy.net",
    "camera type": "Compact Camera",
    "depth": "0.9 in",
    "digital zoom": "4x",
    "effective megapixels": "16 Megapixel",
    "flash": "Auto Flash|Flash ON|Flash OFF|Slow Sync|Flash Exposure Compensation",
    "focal length": "4.50 mm to 54 mm (Lens 1)",
    "focal length 35mm equivalent": "25 mm to 300 mm (Lens 1)",
    "height": "2.3 in",
    "image sensor": "CMOS",
    "image stabilization": "Optical",
    "lcd screen size": "3 in",
    "maximum video capture resolution": "1920 x 1080",
    "memory card support": "Secure Digital High Capacity (SDHC UHS-I)|Secure Digital High Capacity (SDHC) Card|Secure Digital Extended Capacity (SDXC)",
    "optical zoom": "12 X",
    "total pixels": "16800000",
    "url": "http://www.usa.canon.com",
    "warranty information": "1 Year",
    "weight": "5.19 oz",
    "width": "3.9 in"
}