{
    "<page title>": "Nikon Coolpix S5200 16 Megapixel Compact Camera - Blue (3\" LCD - 6x Optical Zoom - Optical IS - 4608 X 3456 Image - 1920 X 1080 Video - HDMI - HD Movie Mode) Price Comparison at Buy.net",
    "analog video out": "Yes",
    "autofocus points": "99",
    "battery builtin": "No",
    "battery include": "Yes",
    "battery model supported": "EN-EL19",
    "battery rechargeable": "Yes",
    "brand name": "Nikon",
    "builtin flash": "Yes",
    "camera modes": "Scene Modes:Scene Auto SelectorPortraitLandscapeSportsNight PortraitPartyIndoorBeachSnowSunsetDuskDawnNight LandscapeClose-UpFoodMuseumFireworks ShowBlack and White CopyBacklightingEasy PanoramaPet Portrait3D PhotographyShooting Modes:AutoSpecial EffectsSmart Portrait",
    "camera type": "Compact Camera",
    "depth": "0.9 in",
    "digital zoom": "4x",
    "effective megapixels": "16 Megapixel",
    "exposure control": "Program AE",
    "flash": "Auto Flash|Pre-flash",
    "focal length": "4.60 mm to 27.60 mm",
    "focal length 35mm equivalent": "26 mm to 156 mm 26 mm to 156 mm",
    "gps": "No",
    "green compliance": "RoHS|WEEE",
    "hd movie mode": "Yes",
    "height": "2.3 in",
    "image sensor": "CMOS",
    "image stabilization": "Optical",
    "iso sensitivity": "ISO 3200",
    "language support": "Vietnamese",
    "lcd screen size": "3 in",
    "lens construction": "5 Elements in 5 Groups",
    "longest shutter speed": "4 Second",
    "maximum diopter adjustment": "No",
    "maximum frame rate": "120 fps",
    "maximum video capture resolution": "1920 x 1080",
    "memory card support": "Secure Digital (SD) Card|Secure Digital High Capacity (SDHC) Card|Secure Digital Extended Capacity (SDXC)",
    "minimum diopter adjustment": "No",
    "normalizeddigital zoom": "4",
    "normalizedheight": "58.42",
    "normalizedoptical zoom": "6",
    "normalizedweight": "5.15",
    "number of batteries support": "1",
    "optical zoom": "6 X",
    "product line": "Coolpix",
    "product model": "S5200",
    "product series": "S",
    "shortest shutter speed": "1/4000 Second",
    "software included": "View NX2",
    "total pixels": "16800000",
    "url": "http://www.nikon.com",
    "viewfinder type": "No",
    "warranty information": "1 Year",
    "weight": "5.15 oz",
    "white balance modes": "AutoCloudyDaylightFlashFluorescentIncandescentPreset Manual",
    "wide angle": "Yes",
    "width": "3.9 in"
}