{
    "<page title>": "Panasonic - Lumix DMC-GM1 Digital Camera With 12-32mm Lens, 16MP, 3\"\" LCD Display, HDMI/USB 2.0, Silent Shutter, Silver Price Comparison at Buy.net",
    "analog video out": "Yes",
    "autofocus points": "23",
    "battery builtin": "No",
    "battery include": "Yes",
    "battery model supported": "DMW-BLH7PP",
    "battery rechargeable": "Yes",
    "brand name": "Panasonic",
    "builtin flash": "Yes",
    "exposure control": "Program AE Aperture Priority AE Shutter Priority AE Manual",
    "focal length 35mm equivalent": "24 mm to 64 mm (Lens 1)",
    "gps": "No",
    "green compliance": "Yes",
    "hd movie mode": "Yes",
    "iso sensitivity": "ISO 25600",
    "language support": "Spanish",
    "lens construction": "8 Elements in 7 Groups",
    "longest shutter speed": "60 Second",
    "maximum diopter adjustment": "No",
    "maximum frame rate": "60 fps",
    "minimum diopter adjustment": "No",
    "number of batteries support": "1",
    "parent product type": "Digital Camera",
    "parent retsku": "B00FY42JYW",
    "pictbridge": "Yes",
    "product line": "Lumix",
    "product model": "DMC-GM1KS",
    "self timer": "10 Second",
    "shortest shutter speed": "1/16000 Second",
    "software included": "PHOTOfunSTUDIO 9.2 AE SILKYPIX Developer Studio LoiLoScope",
    "viewfinder type": "No",
    "white balance modes": "Auto White Balance Daylight Cloudy Shade Incandescent Lights Flash White Set1 White Set2 White Balance K Set"
}