{
    "<page title>": "Canon PowerShot SX500 IS Black Digital Camera (16 MP, 30x Opt, SD/SDHC/SDXC Card Slot) Price Comparison at Buy.net",
    "camera type": "Compact Camera",
    "depth": "3.2 in",
    "digital zoom": "4x",
    "effective megapixels": "16 Megapixel",
    "flash": "Auto Flash|Flash ON|Flash OFF|Flash Exposure Compensation|Red-eye Reduction|Slow Sync",
    "focal length": "4.30 mm to 129 mm",
    "focal length 35mm equivalent": "24 mm to 720 mm",
    "height": "2.7 in",
    "image sensor": "CCD",
    "image stabilization": "Optical",
    "lcd screen size": "3 in",
    "maximum video capture resolution": "1280 x 720",
    "memory card support": "Eye-Fi Card|Secure Digital (SD) Card|Secure Digital High Capacity (SDHC) Card",
    "optical zoom": "30 X",
    "total pixels": "16600000",
    "url": "http://www.usa.canon.com",
    "warranty information": "1 Year",
    "weight": "11.20 oz",
    "width": "4.1 in"
}