{
    "<page title>": "Nikon COOLPIX S01 Red Digital Camera (10.1 MP, 3x Opt) Price Comparison at Buy.net",
    "analog video out": "Yes",
    "battery builtin": "Yes",
    "battery include": "No",
    "battery model supported": "EN-EL11",
    "battery rechargeable": "Yes",
    "brand name": "Nikon",
    "builtin flash": "Yes",
    "camera modes": "Scene Modes:Back LightClose UpLandscapeNight LandscapeNight PortraitPortraitScene Auto Selector",
    "camera type": "Compact Camera",
    "depth": "0.7 in",
    "digital zoom": "4x",
    "effective megapixels": "10.1 Megapixel",
    "exposure control": "Program AE",
    "flash": "Auto Flash",
    "focal length": "4.10 mm to 12.30 mm",
    "focal length 35mm equivalent": "29 mm to 87 mm 29 mm to 87 mm",
    "gps": "No",
    "green compliance": "WEEE|RoHS",
    "hd movie mode": "Yes",
    "height": "2.0 in",
    "image sensor": "CCD",
    "image stabilization": "Electronic",
    "iso sensitivity": "ISO 1600",
    "language support": "Vietnamese",
    "lcd screen size": "2.5 in",
    "lens construction": "6 Elements in 5 Groups",
    "longest shutter speed": "1 Second",
    "maximum diopter adjustment": "No",
    "maximum frame rate": "30 fps",
    "maximum video capture resolution": "1280 x 720",
    "minimum diopter adjustment": "No",
    "number of batteries support": "1",
    "optical zoom": "3 X",
    "parent product type": "Digital Camera",
    "product line": "Coolpix",
    "product model": "S01",
    "product series": "S",
    "shortest shutter speed": "1/2000 Second",
    "total pixels": "10300000",
    "url": "http://www.nikon.com",
    "viewfinder type": "No",
    "warranty information": "1 Year",
    "weight": "3.39 oz",
    "white balance modes": "Auto",
    "width": "3.0 in"
}