{
    "<page title>": "Nikon Coolpix P600 Red Digital Camera (16.1 MP, 60x Opt, SD/SDHC/SDXC Card Slot, 56 MB) Price Comparison at Buy.net",
    "camera type": "Point & Shoot Digital Camera",
    "depth": "4.2 in",
    "digital zoom": "4 X",
    "effective megapixels": "16100000 pixels",
    "flash": "Accessory Shoe|Built-in Flash",
    "focal length": "4.3 mm to 258 mm",
    "focal length 35mm equivalent": "24 mm to 1440 mm",
    "height": "3.4 in",
    "image sensor": "CMOS",
    "image stabilization": "Sensor Shift",
    "installed memory": "56 MB",
    "interface connection": "Video - Out (Unspecified)|USB|HDMI",
    "lcd screen size": "3 in",
    "max aperture": "3.3 1/f",
    "maximum video capture resolution": "1920 x 1080",
    "memory card support": "Secure Digital (SD) Card|Secure Digital Extended Capacity (SDXC)|Secure Digital High Capacity (SDHC) Card",
    "optical zoom": "60 X",
    "total pixels": "16760000 pixels",
    "url": "http://www.nikonusa.com/en/Nikon-Products/Product/Compact-Digital-Cameras/26463/COOLPIX-P600.html",
    "warranty information": "1 year(s)",
    "weight": "19.9 oz",
    "width": "5 in",
    "wifi": "Yes"
}