{
    "<page title>": "Nikon Coolpix S230 10 Megapixel Compact Camera - Jet Black (3\" Touchscreen LCD - 3x Optical Zoom - 3648 X 2736 Image - 640 X 480 Video - PictBridge) Price Comparison at Buy.net",
    "camera type": "Compact Camera",
    "depth": "0.8 in",
    "digital zoom": "4x",
    "effective megapixels": "10 Megapixel",
    "flash": "Built-in Flash",
    "focal length": "6.30 mm to 18.90 mm",
    "height": "2.2 in",
    "image sensor": "CCD",
    "image stabilization": "Electronic",
    "installed memory": "44 MB",
    "interface connection": "1 x USB|1 x Audio/Video Out|1 x DC Power In",
    "lcd screen size": "3 in",
    "lens mount": "Fixed",
    "max aperture": "3.1 1/f",
    "maximum video capture resolution": "640 x 480",
    "memory card support": "Secure Digital (SD) Card|Secure Digital High Capacity (SDHC) Card|MultiMediaCard (MMC)",
    "optical zoom": "3 X",
    "total pixels": "10300000",
    "url": "http://www.nikon.com",
    "warranty information": "1 Year Limited",
    "weight": "4.10 oz",
    "width": "3.6 in"
}