{
    "<page title>": "Canon PowerShot SX700 Red Digital Camera (16.1 MP, 30x Opt, SD/SDHC/SDXC Card Slot) Price Comparison at Buy.net",
    "camera type": "Point & Shoot Digital Camera",
    "depth": "1.37 in",
    "digital zoom": "4 X",
    "effective megapixels": "16100000 pixels",
    "flash": "Built-in Flash|Accessory Shoe",
    "focal length": "4.5 mm - 135 mm",
    "focal length 35mm equivalent": "25 mm to 750 mm",
    "green compliance": "REACH|RoHS|WEEE",
    "height": "2.59 in",
    "image sensor": "CMOS",
    "image stabilization": "Optical",
    "interface connection": "Video - Out (Unspecified)|HDMI|Audio - Line Out (1/8\" Mini)",
    "lcd screen size": "3 in",
    "max aperture": "3.2 1/f",
    "maximum video capture resolution": "1920 x 1080",
    "memory card support": "Secure Digital High Capacity (SDHC) Card|Secure Digital Extended Capacity (SDXC)|Secure Digital (SD) Card",
    "optical zoom": "30 X",
    "total pixels": "16800000 pixels",
    "url": "http://www.usa.canon.com/cusa/support/consumer/digital_cameras/other_powershot/powershot_sx700_hs?color=Red",
    "warranty information": "1 year(s)",
    "weight": "8.64 oz",
    "width": "4.44 in",
    "wifi": "Yes"
}