{
    "<page title>": "Canon EOS 60D 18 Megapixel Digital SLR Camera Body With Lens Kit - 18 Mm - 55 Mm - Black (3\" LCD - 3.1x Optical Zoom - 4272 X 2848 Image - 1920 X 1080 Video - HDMI - PictBridge - HD Movie Mode) Price Comparison at Buy.net",
    "autofocus points": "9",
    "battery builtin": "No",
    "battery include": "Yes",
    "battery model supported": "LP-E6",
    "battery rechargeable": "Yes",
    "brand name": "Canon",
    "builtin flash": "Yes",
    "camera body only": "Body with Lens Kit",
    "camera modes": "Shooting Modes:StandardPortraitLandscapeNeutralFaithfulMonochromeUser Def. 1-3",
    "camera type": "Digital SLR Camera",
    "depth": "3.1 in",
    "digital zoom": "No",
    "effective megapixels": "18 Megapixel",
    "exposure control": "Program AEAperture PriorityShutter PriorityManual",
    "flash": "Auto Flash|Flash ON|Flash OFF|Red-eye Reduction",
    "focal length": "18 mm to 55 mm (Lens 1)",
    "gps": "No",
    "hd movie mode": "Yes",
    "height": "4.2 in",
    "image sensor": "CMOS",
    "image stabilization": "No",
    "iso sensitivity": "ISO 6400",
    "language support": "Japanese",
    "lcd screen size": "3 in",
    "lens construction": "11 Elements in 9 Groups",
    "lens mount": "Canon EF/EF-S",
    "longest shutter speed": "60 Second",
    "maximum diopter adjustment": "1",
    "maximum frame rate": "30 fps",
    "maximum video capture resolution": "1920 x 1080",
    "memory card support": "Secure Digital (SD) Card|Secure Digital Extended Capacity (SDXC)|Secure Digital High Capacity (SDHC) Card|Eye-Fi Card",
    "minimum diopter adjustment": "-3",
    "normalizedheight": "106.68",
    "normalizedoptical zoom": "3.1",
    "normalizedweight": "23.84",
    "number of batteries support": "1",
    "optical zoom": "3.1 X",
    "pictbridge": "Yes",
    "product line": "EOS",
    "product model": "60D",
    "shortest shutter speed": "1/8000 Second",
    "total pixels": "19000000",
    "url": "http://www.usa.canon.com",
    "viewfinder type": "SLR",
    "weight": "1.49 lbs",
    "white balance modes": "AutoDaylightShadeCloudyTungsten LightWhite Fluorescent LightFlashCustomColor Temperature Setting",
    "width": "5.7 in"
}