{
    "<page title>": "Fujifilm FinePix XP200 16.4 Megapixel Compact Camera - Blue (3\" LCD - 5x Optical Zoom - Optical IS - 4608 X 3456 Image - 1920 X 1080 Video - HDMI - PictBridge - HD Movie Mode) Price Comparison at Buy.net",
    "battery builtin": "No",
    "battery include": "Yes",
    "battery model supported": "NP-50",
    "battery rechargeable": "Yes",
    "brand name": "Fujifilm",
    "builtin flash": "Yes",
    "camera modes": "Shooting Modes:SR AutoAutoPro Low-LightHDRNatural Light & with FlashNatural LightPortraitLandscapeAdvanced FilterMotion Panorama 360SportNightNight (Tripod)SunsetSnowBeachUnder WaterUnder Water (Macro)PartyFlowerTextIndividual Shutter 3D",
    "camera type": "Compact Camera",
    "effective megapixels": "16.4 Megapixel",
    "environmental protection": "Water Proof|Shock Proof|Dust Proof|Freeze Proof",
    "exposure control": "Program AE",
    "focal length 35mm equivalent": "28 mm to 140 mm",
    "gps": "No",
    "hd movie mode": "Yes",
    "image stabilization": "Optical",
    "iso sensitivity": "ISO 6400",
    "lcd screen size": "3 in",
    "lens construction": "13 Elements in 11 Groups",
    "longest shutter speed": "4 Second",
    "maximum diopter adjustment": "No",
    "maximum frame rate": "360 fps",
    "memory card support": "Secure Digital (SD) Card|Secure Digital Extended Capacity (SDXC)|Secure Digital High Capacity (SDHC) Card|Secure Digital Extended Capacity (SDXC UHS-I)|Secure Digital High Capacity (SDHC UHS-I)",
    "minimum diopter adjustment": "No",
    "normalizeddigital zoom": "2",
    "normalizedheight": "71.12",
    "normalizedoptical zoom": "5",
    "normalizedweight": "7.48",
    "number of batteries support": "1",
    "pictbridge": "Yes",
    "product line": "FinePix",
    "product model": "XP200",
    "product series": "XP",
    "self timer": "10 Second",
    "shortest shutter speed": "1/2000 Second",
    "viewfinder type": "No",
    "white balance modes": "Automatic Scene RecognitionFineShadeFluorescent Light (Daylight)Fluorescent Light (Warm White)Fluorescent Light (Cool White)Incandescent Light",
    "wide angle": "Yes"
}