{
    "<page title>": "Canon EOS 60D Black Digital SLR Digital Camera Body Only (18 MP, SD Card Slot) Price Comparison at Buy.net",
    "camera body only": "Body Only",
    "camera type": "Digital SLR Camera",
    "depth": "3.1 in",
    "effective megapixels": "18 Megapixel",
    "flash": "Auto Flash|Flash OFF",
    "focal length": "No",
    "focal length 35mm equivalent": "No",
    "height": "4.2 in",
    "image sensor": "CMOS",
    "lcd screen size": "3 in",
    "lens mount": "Canon EF/EF-S",
    "maximum video capture resolution": "1920 x 1080",
    "memory card support": "Secure Digital (SD) Card|Secure Digital High Capacity (SDHC) Card|Secure Digital Extended Capacity (SDXC)",
    "total pixels": "19000000",
    "url": "http://www.usa.canon.com",
    "warranty information": "1 Year Limited",
    "weight": "1.49 lbs",
    "width": "5.7 in"
}