{
    "<page title>": "Fujifilm FinePix T550 White Digital Camera (16 MP, 12x Opt, SD/SDHC/SDXC Card Slot) Price Comparison at Buy.net",
    "camera type": "Point & Shoot Digital Camera",
    "depth": "1 in",
    "digital zoom": "2 X",
    "effective megapixels": "16000000 pixels",
    "flash": "Built-in Flash|Accessory Shoe",
    "focal length": "4.3 mm to 51.6 mm",
    "focal length 35mm equivalent": "24 mm to 288 mm",
    "height": "2.2 in",
    "image sensor": "CCD",
    "image stabilization": "Optical",
    "interface connection": "USB",
    "lcd screen size": "3 in",
    "lens mount": "Fujifilm X",
    "max aperture": "3.4 1/f",
    "maximum video capture resolution": "1920 x 1080",
    "memory card support": "Secure Digital (SD) Card|Secure Digital High Capacity (SDHC) Card|Secure Digital Extended Capacity (SDXC)",
    "optical zoom": "12 X",
    "url": "http://www.fujifilmusa.com/products/digital_cameras/t/finepix_t550/",
    "warranty information": "1 year(s)",
    "weight": "4.3 oz",
    "width": "3.9 in"
}