{
    "<page title>": "Polaroid IS326 16 Megapixel Compact Camera - Red (2.4\" LCD - 3x Optical Zoom - Electronic IS - 1280 X 720 Video - HD Movie Mode) Price Comparison at Buy.net",
    "camera body only": "Body Only",
    "camera type": "Compact Camera",
    "digital zoom": "4x",
    "effective megapixels": "16 Megapixel",
    "flash": "Built-in Flash",
    "focal length": "6.20 mm to 12.40 mm",
    "image sensor": "CMOS",
    "image stabilization": "Electronic",
    "interface connection": "USB",
    "lcd screen size": "2.4 in",
    "maximum video capture resolution": "1280 x 720",
    "memory card support": "Secure Digital (SD) Card",
    "optical zoom": "3 X",
    "url": "http://www.polaroid.com/us/",
    "warranty information": "1 year(s)"
}