{
    "<page title>": "Sony A5000 Silver Digital Camera Kit W/ 16-50 Mm Lens (20.1 MP, 3x Opt, SD/SDHC/SDXC/MS Pro Duo/MS PRO-HG Duo Card Slot) Price Comparison at Buy.net",
    "camera body only": "Body with Lens Kit",
    "camera type": "Mirrorless Interchangeable Lens Camera",
    "depth": "1.44 in",
    "digital zoom": "4 X",
    "effective megapixels": "20100000 pixels",
    "environmental protection": "Water Resistant",
    "flash": "Built-in Flash",
    "focal length 35mm equivalent": "24 mm to 77 mm",
    "height": "2.5 in",
    "image sensor": "CMOS",
    "image stabilization": "Optical",
    "interface connection": "USB|HDMI",
    "lcd screen size": "3 in",
    "lens mount": "Sony E",
    "max aperture": "3.5 1/f",
    "maximum video capture resolution": "1920 x 1080",
    "memory card support": "Secure Digital (SD) Card|Secure Digital Extended Capacity (SDXC)|Secure Digital High Capacity (SDHC) Card|Memory Stick PRO-HG Duo|Memory Stick PRO Duo",
    "optical zoom": "3 X",
    "total pixels": "20400000 pixels",
    "url": "http://store.sony.com/a5000-mirrorless-camera-w-16-50mm-lens-zid27-ILCE5000L//cat-27-catid-All-Alpha-a5000-Cameras",
    "warranty information": "1 year(s)",
    "weight": "7.4 oz",
    "width": "4.38 in",
    "wifi": "Yes"
}