{
    "<page title>": "Fuji Blowers FinePix HS50EXR 16 Megapixel Bridge Camera - Black (3\" LCD - 42x Optical Zoom - Optical IS - 4608 X 3456 Image - 1920 X 1080 Video - HDMI - PictBridge - HD Movie Mode) Price Comparison at Buy.net",
    "battery builtin": "No",
    "battery include": "Yes",
    "battery model supported": "NP-W126",
    "battery rechargeable": "Yes",
    "brand name": "Fujifilm",
    "builtin flash": "Yes",
    "camera modes": "Shooting Modes:Portrait EnhancerPortraitLandscapeSportNightNight (Tripod)FireworksSunsetSnowBeachPartyFlowerText",
    "camera type": "Bridge Camera",
    "color": "Black",
    "depth": "5.7 in",
    "digital zoom": "20x",
    "effective megapixels": "16 Megapixel",
    "exposure control": "Aperture Priority AEProgram AEShutter Priority AEManual",
    "flash": "Suppressed Flash|Auto Flash|Flash ON|Flash OFF|Slow Sync|Red-eye Reduction",
    "focal length": "4.40 mm to 185 mm",
    "focal length 35mm equivalent": "24 mm to 1000 mm 24 mm to 1000 mm",
    "gps": "No",
    "hd movie mode": "Yes",
    "height": "4.0 in",
    "image sensor": "EXR CMOS II",
    "image stabilization": "Optical",
    "iso sensitivity": "ISO 12800",
    "lcd screen size": "3 in",
    "lens construction": "17 Elements in 12 Groups",
    "longest shutter speed": "30 Second",
    "maximum frame rate": "480 fps",
    "maximum video capture resolution": "1920 x 1080",
    "memory card support": "Secure Digital (SD) Card|Secure Digital High Capacity (SDHC) Card|Secure Digital Extended Capacity (SDXC UHS-I)|Secure Digital Extended Capacity (SDXC)|Secure Digital High Capacity (SDHC UHS-I)",
    "normalizeddigital zoom": "20",
    "normalizedheight": "101.6",
    "normalizedoptical zoom": "42",
    "normalizedweight": "26.72",
    "number of batteries support": "1",
    "optical zoom": "42 X",
    "parent product type": "Digital Camera",
    "pictbridge": "Yes",
    "product line": "FinePix",
    "product model": "HS50EXR",
    "product series": "S",
    "shortest shutter speed": "1/4000 Second",
    "url": "http://www.fujifilm.com",
    "viewfinder type": "Electronic",
    "warranty information": "1 Year",
    "weight": "1.67 lbs",
    "white balance modes": "ShadeFineFluorescent Light (Daylight)Fluorescent Light (Warm White)Fluorescent Light (Cool White)Incandescent LightCustom",
    "wide angle": "Yes",
    "width": "5.3 in"
}