{
    "<page title>": "Pentax MX-1 Black Digital Camera (12 MP, 4x Opt, SD/SDHC/SDXC Card Slot) Price Comparison at Buy.net",
    "analog video out": "Yes",
    "autofocus points": "25",
    "battery builtin": "No",
    "battery include": "Yes",
    "battery model supported": "D-Li106",
    "battery rechargeable": "Yes",
    "brand name": "Pentax",
    "builtin flash": "Yes",
    "camera type": "Compact Camera",
    "depth": "2.0 in",
    "digital zoom": "2x",
    "effective megapixels": "12 Megapixel",
    "exposure control": "Program AEShutter Priority AEAperture Priority AEManual",
    "flash": "Auto Flash|Flash OFF|Flash ON|Slow Sync|Rear Curtain Sync|Red-eye Reduction",
    "focal length": "6 mm to 24 mm",
    "focal length 35mm equivalent": "28 mm to 112 mm 28 mm to 112 mm",
    "gps": "No",
    "hd movie mode": "Yes",
    "height": "2.4 in",
    "image sensor": "CMOS",
    "image stabilization": "Optical|Electronic",
    "iso sensitivity": "Auto",
    "language support": "Russian",
    "lcd screen size": "3 in",
    "lens construction": "11 Elements in 8 Groups",
    "longest shutter speed": "30 Second",
    "maximum diopter adjustment": "No",
    "maximum frame rate": "60 fps",
    "maximum video capture resolution": "1920 x 1080",
    "memory card support": "Secure Digital (SD) Card|Secure Digital Extended Capacity (SDXC)|Secure Digital High Capacity (SDHC) Card|Eye-Fi Card",
    "minimum diopter adjustment": "No",
    "number of batteries support": "1",
    "optical zoom": "4 X",
    "product model": "MX-1",
    "shortest shutter speed": "1/8000 Second",
    "total pixels": "12800000",
    "url": "http://www.pentaximaging.com",
    "viewfinder type": "No",
    "warranty information": "1 Year",
    "weight": "12.80 oz",
    "white balance modes": "AutoDaylightShadeCloudyFluorescent Light (Daylight Color)Fluorescent Light (Daylight White)Fluorescent Light (Cool White)Fluorescent Light (Warm White)TungstenFlashManual WB",
    "wide angle": "Yes",
    "width": "4.8 in",
    "you are reviewing": "Pentax MX-1 Black Digital Camera (12 MP, 4x Opt, SD/SDHC/SDXC"
}