{
    "<page title>": "Vivitar V46 Black Digital Camera (4.1 MP, SD/SDHC Card Slot) Price Comparison at Buy.net",
    "camera type": "Point & Shoot Digital Camera",
    "depth": "0.6 in",
    "digital zoom": "4 X",
    "effective megapixels": "4100000 pixels",
    "focal length": "7.7 mm",
    "height": "2.5 in",
    "image sensor": "CMOS",
    "interface connection": "USB",
    "lcd screen size": "1.5 in",
    "max aperture": "3 1/f",
    "maximum video capture resolution": "640 x 480 (VGA)",
    "memory card support": "Secure Digital High Capacity (SDHC) Card|Secure Digital (SD) Card",
    "url": "http://www.vivitar.com/",
    "warranty information": "1 year(s)",
    "width": "3.5 in"
}