{
    "<page title>": "Panasonic Lumix DMC-FX48 12.1 Megapixel Compact Camera - Black (2.5\" LCD - 5x Optical Zoom - 4000 X 3000 Image - 848 X 480 Video - PictBridge) Price Comparison at Buy.net",
    "camera type": "Compact Camera",
    "depth": "0.9 in",
    "digital zoom": "4x",
    "effective megapixels": "12.1 Megapixel",
    "flash": "Auto Flash|Flash OFF|Flash ON|Red-eye Reduction",
    "focal length": "4.40 mm to 22 mm",
    "height": "2.1 in",
    "image sensor": "CCD",
    "image stabilization": "Optical",
    "installed memory": "40 MB",
    "interface connection": "1 x USB|1 x Audio/Video Out|1 x DC Power In",
    "lcd screen size": "2.5 in",
    "lens mount": "Fixed",
    "max aperture": "2.8 1/f",
    "maximum video capture resolution": "848 x 480",
    "memory card support": "Secure Digital (SD) Card|Secure Digital High Capacity (SDHC) Card|MultiMediaCard (MMC)",
    "optical zoom": "5 X",
    "total pixels": "12700000",
    "url": "http://www.panasonic.com",
    "warranty information": "1 Year Limited",
    "weight": "4.48 oz",
    "width": "3.8 in"
}