{
    "<page title>": "Fujifilm X-A1 Black Digital Camera Kit W/ 16-50 Mm Lens (16.3 MP, SD/SDHC/SDXC Card Slot) Price Comparison at Buy.net",
    "camera body only": "Body with Lens Kit",
    "camera type": "Mirrorless Interchangeable Lens Camera",
    "depth": "1.5 in",
    "effective megapixels": "16300000 pixels",
    "flash": "Built-in Flash|Accessory Shoe",
    "focal length": "16 mm to 50 mm",
    "focal length 35mm equivalent": "24 mm to 76 mm",
    "height": "2.6 in",
    "image sensor": "CMOS",
    "interface connection": "USB|HDMI",
    "lcd screen size": "3 in",
    "lens mount": "Fujifilm X",
    "max aperture": "3.5 1/f",
    "maximum video capture resolution": "1920 x 1080",
    "memory card support": "Secure Digital (SD) Card|Secure Digital Extended Capacity (SDXC)|Secure Digital High Capacity (SDHC) Card",
    "total pixels": "16500000 pixels",
    "url": "http://www.fujifilmusa.com/products/digital_cameras/x/fujifilm_x_a1/",
    "warranty information": "1 year(s)",
    "weight": "9.9 oz",
    "width": "4.6 in",
    "wifi": "Yes"
}