{
    "<page title>": "Panasonic I-PRO SmartHD WV-ST165 Network Camera - Color, Monochrome (MOS - Cable - Fast Ethernet) Price Comparison at Buy.net",
    "analog video out": "Yes",
    "brand name": "Panasonic",
    "camera type": "Surveillance/Network Camera",
    "depth": "2.9 in",
    "digital zoom": "8x",
    "focal length": "1.95 mm",
    "height": "3.9 in",
    "image sensor": "MOS",
    "longest shutter speed": "1/30 Second",
    "maximum frame rate": "30 fps",
    "maximum video capture resolution": "1280 x 960",
    "normalizeddigital zoom": "8",
    "normalizedheight": "99.06",
    "normalizedweight": "12.17",
    "parent product type": "Digital Camera",
    "product line": "i-PRO SmartHD",
    "product model": "WV-ST165",
    "shortest shutter speed": "1/10000 Second",
    "url": "http://www.panasonic.com",
    "weight": "12.17 oz",
    "white balance modes": "Auto",
    "width": "3.9 in"
}