{
    "<page title>": "Olympus Stylus SP-100 Black Digital Camera (16 MP, 50x Opt, SD/SDHC/SDXC Card Slot, 37 MB) Price Comparison at Buy.net",
    "camera type": "Point & Shoot Digital Camera",
    "depth": "5.2 in",
    "digital zoom": "4 X",
    "effective megapixels": "16000000 pixels",
    "flash": "Accessory Shoe|Built-in Flash",
    "focal length": "4.3 mm to 215 mm",
    "focal length 35mm equivalent": "24 mm to 1200 mm",
    "height": "3.6 in",
    "image sensor": "CMOS",
    "image stabilization": "Optical",
    "installed memory": "37 MB",
    "interface connection": "USB|HDMI|A/V (RCA Composite)",
    "lcd screen size": "3 in",
    "max aperture": "2.9 1/f",
    "maximum video capture resolution": "1920 x 1080",
    "memory card support": "Secure Digital High Capacity (SDHC) Card|Secure Digital Extended Capacity (SDXC)|Secure Digital (SD) Card",
    "optical zoom": "50 X",
    "url": "http://www.getolympus.com/us/en/digitalcameras/long-zoom/sp-100.html",
    "warranty information": "1 year(s)",
    "weight": "21.1 oz",
    "width": "4.8 in"
}