{
    "<page title>": "Olympus Tough TG-830 IHS 16 Megapixel Compact Camera - Blue (3\" LCD - 5x Optical Zoom - Optical, Electronic IS - 4608 X 3456 Image - 1920 X 1080 Video - HDMI - PictBridge - HD Movie Mode) Price Comparison at Buy.net",
    "analog video out": "Yes",
    "battery builtin": "No",
    "battery include": "Yes",
    "battery model supported": "LI-50B",
    "battery rechargeable": "Yes",
    "brand name": "Olympus",
    "builtin flash": "Yes",
    "camera modes": "Scene Modes:PortraitBeautyLandscapeNight SceneNight + PortraitSportIndoorSelf PortraitSunsetFireworksCuisineDocumentsBeach and SnowUnderwater SnapshotUnderwater Wide 1Underwater Wide 2Underwater MacroPet (Cat)Pet (Dog)S MacroHDR Backlight",
    "camera type": "Compact Camera",
    "depth": "1.1 in",
    "digital zoom": "4x",
    "effective megapixels": "16 Megapixel",
    "environmental protection": "Shock Proof|Water Proof|Freeze Proof|Crush Proof",
    "exposure control": "Program AE",
    "flash": "Auto Flash|Flash OFF|Flash ON|Red-eye Reduction",
    "focal length": "5 mm to 25 mm",
    "focal length 35mm equivalent": "28 mm to 140 mm 28 mm to 140 mm",
    "gps": "Yes",
    "hd movie mode": "Yes",
    "height": "2.6 in",
    "image sensor": "CMOS",
    "image stabilization": "Optical|Electronic",
    "iso sensitivity": "High ISO Auto",
    "lcd screen size": "3 in",
    "lens construction": "11 Elements in 8 Groups",
    "longest shutter speed": "4 Second",
    "maximum diopter adjustment": "No",
    "maximum frame rate": "240 fps",
    "maximum video capture resolution": "1920 x 1080",
    "memory card support": "Secure Digital High Capacity (SDHC) Card|Secure Digital Extended Capacity (SDXC)|Eye-Fi Card|Secure Digital (SD) Card",
    "minimum diopter adjustment": "No",
    "normalizeddigital zoom": "4",
    "normalizedheight": "66.04",
    "normalizedoptical zoom": "5",
    "normalizedweight": "7.55",
    "number of batteries support": "1",
    "optical zoom": "5 X",
    "pictbridge": "Yes",
    "product line": "Tough",
    "product model": "TG-830 iHS",
    "shortest shutter speed": "1/2000 Second",
    "total pixels": "16800000",
    "url": "http://www.olympusamerica.com",
    "viewfinder type": "No",
    "warranty information": "1 Year",
    "weight": "7.55 oz",
    "white balance modes": "AWBOvercastSunlightTungstenUnderwaterFlourescent 1Custom",
    "wide angle": "Yes",
    "width": "4.3 in"
}