{
    "<page title>": "Canon PowerShot S120 Black Digital Camera (12.1 MP, 5x Opt, SD/SDHC/SDXC Card Slot) Price Comparison at Buy.net",
    "camera type": "Point & Shoot Digital Camera",
    "depth": "1.14 in",
    "digital zoom": "4 X",
    "effective megapixels": "12100000 pixels",
    "environmental protection": "Water Proof",
    "flash": "Built-in Flash",
    "focal length": "5.2 mm to 26 mm",
    "focal length 35mm equivalent": "24 mm to 120 mm",
    "height": "2.32 in",
    "image sensor": "CMOS",
    "image stabilization": "Optical",
    "interface connection": "HDMI|A/V (RCA Composite)",
    "lcd screen size": "3 in",
    "max aperture": "1.8 1/f",
    "maximum video capture resolution": "1280 x 720",
    "memory card support": "Secure Digital High Capacity (SDHC) Card|Secure Digital (SD) Card|Secure Digital Extended Capacity (SDXC)",
    "optical zoom": "5 X",
    "total pixels": "12800000 pixels",
    "url": "http://www.usa.canon.com/cusa/support/consumer/digital_cameras/powershot_s_series/powershot_s120",
    "warranty information": "1 year(s)",
    "weight": "6.81 oz",
    "width": "3.94 in",
    "wifi": "Yes"
}