{
    "<page title>": "Panasonic Lumix DMC-FZ30 8 Megapixel Bridge Camera - Black (2\" LCD - 12x Optical Zoom - Secure Digital SD Card Included - 3264 X 2448 Image - 640 X 480 Video - PictBridge) Price Comparison at Buy.net",
    "autofocus points": "9",
    "battery builtin": "No",
    "battery include": "Yes",
    "brand name": "Panasonic",
    "camera modes": "Scene Modes:PortraitSportsFoodSceneryNight SceneryPanningNight PortraitFireworksPartySnowBabySoft SkinStarry SkyCandleMoving ImagePlaybackMega Burst Shooting Modes:Standard Mode: Up to 9 images at 3 or 2 fpsFine Mode: Up to 5 imagesColor Effect Modes:CoolWarmBlack & WhiteSepiaPlayback Modes:25, 16 or 9 -Thumbnail DisplayZoomed Playback (16x max)Image RotationSlide ShowFavorite PicturesResizingTrimming, ProtectionDPOF Setting",
    "camera type": "Bridge Camera",
    "color": "Black",
    "effective megapixels": "8 Megapixel",
    "exposure control": "AutoProgram AEAperture Priority AEShutter Priority AEManualProgram Shift (P mode)",
    "exposure settings": "Aperture Priority|Auto Exposure|Exposure Bracketing|Manual Exposure|Multiple Program Modes|Shutter Priority",
    "focus features": "Auto Focus|Manual Focus|Multiple Point Focusing|Spot Focus",
    "frequency band": "Optical Image StabilizerConversion Lens CompatibilityBacklight CompensationUnlimited Consecutive ShootingStill Image Recording with Audio: 5 SecondsBuilt-in microphone and speakerExtra Optical Zoom:4:3 Aspect Ratio:15.3x for 5 MegaPixels19.1x for 3 MegaPixels, 2 MegaPixels, 1 MegaPixels3:2 Aspect Ratio:15.3x for 4.5 MegaPixels19.1x for 2.5 MegaPixels16:9 Aspect Ratio:19.1x for 2 MegaPixelsOSD Language:EnglishSpanishJapaneseChinese (Traditional)GermanItalianFrenchSensitivity:AutoISO 80ISO 100ISO 200ISO 400",
    "general features": "Flash Cancel (On/Off)|Red-Eye Reduction|Self Timer|Slow Speed Sync|Voice Recorder",
    "gps": "No",
    "hd movie mode": "No",
    "image format": "DPOF|JPEG|RAW|TIFF",
    "image sensor quantity": "1",
    "image sensor size": "0.556 in",
    "image stabilization": "Optical",
    "included components": "Carrying Strap|Charger|Integrated Voice Recorder|Lens Cover|PC Connection Cable|Recording Media",
    "iso equivalencies": "100|200|400|80",
    "lcd screen size": "2 in",
    "lens construction": "14 Elements in 10 Groups",
    "lens mount": "Fixed",
    "longest shutter speed": "60 Second",
    "max focal length": "88.8 mm",
    "max horizontal image resolution": "3264 pixels",
    "max vertical image resolution": "2448 pixels",
    "max zoom": "48 X",
    "maximum frame rate": "30 frames/s (fps)",
    "maximum image resolution": "3264 x 2448",
    "maximum shutter speed": "2000 1/f",
    "memory card support": "Secure Digital (SD) Card|MultiMediaCard (MMC)",
    "metering characteristics": "Center-weighted|Multi-Segment|Spot",
    "min aperture": "11 1/f",
    "min focal length": "7.4 mm",
    "min focus distance": "1.97 in",
    "minimum shutter speed": "60 sec.",
    "normalizeddigital zoom": "4",
    "normalizedheight": "0.00337",
    "normalizednumber of image sensor pixels": "8.3",
    "normalizedoptical zoom": "12",
    "normalizedweight": "26.08",
    "number of resolution modes": "12",
    "number of scene modes": "14",
    "pictbridge": "Yes",
    "power source": "AC Input|Lithium Ion|Rechargeable Battery",
    "product line": "Lumix",
    "product model": "DMC-FZ30",
    "product series": "FZ",
    "removable flash memory included": "32 MB Secure Digital (SD) Card",
    "shortest shutter speed": "1/2000 Second",
    "software included": "ArcSoft PhotoImpressionArcSoft Panorama MakerArcSoft PhotoBaseUSB DriverLumix Simple ViewerPhoto Fun Studio",
    "video capture format": "MJPEG|QuickTime",
    "viewfinder type": "Electronic",
    "white balance": "Auto|Preset Modes",
    "white balance modes": "AutoDaylightCloudyHalogenFlashWhite Set1/2"
}