{
    "<page title>": "Olympus Stylus 7000 12 Megapixel Compact Camera - Silver (3\" LCD - 7x Optical Zoom - 3968 X 2976 Image - 640 X 480 Video - PictBridge) Price Comparison at Buy.net",
    "camera type": "Compact Camera",
    "depth": "1.0 in",
    "digital zoom": "5x",
    "effective megapixels": "12 Megapixel",
    "flash": "Auto Flash|Flash OFF|Flash ON|Red-eye Reduction",
    "focal length": "6.60 mm to 46.20 mm",
    "height": "2.2 in",
    "image stabilization": "Optical|Electronic",
    "interface connection": "1 x Proprietary",
    "lcd screen size": "3 in",
    "maximum video capture resolution": "640 x 480",
    "memory card support": "xD-Picture Card|microSD Card",
    "optical zoom": "7 X",
    "url": "http://www.olympusamerica.com",
    "warranty information": "1 Year Limited",
    "weight": "4.70 oz",
    "width": "3.8 in"
}