{
    "<page title>": "Panasonic Lumix G Series DMC-G6KK Black SLR Digital Camera Kit W/ 14-42 Mm II Lens (16.05 MP, SD/SDXC/SDHC Card Slot) Price Comparison at Buy.net",
    "camera body only": "Body with Lens Kit",
    "camera type": "Mirrorless Interchangeable Lens Camera",
    "depth": "2.8 in",
    "digital zoom": "2 X",
    "effective megapixels": "16050000 pixels",
    "flash": "Built-in Flash|Accessory Shoe",
    "focal length": "14 mm to 42 mm",
    "focal length 35mm equivalent": "28 mm to 84 mm",
    "height": "3.3 in",
    "image sensor": "CMOS",
    "image stabilization": "Sensor Shift",
    "interface connection": "HDMI|USB",
    "lcd screen size": "3 in",
    "maximum video capture resolution": "1920 x 1080",
    "memory card support": "Secure Digital High Capacity (SDHC) Card|Secure Digital (SD) Card|Secure Digital Extended Capacity (SDXC)",
    "total pixels": "18310000 pixels",
    "url": "http://shop.panasonic.com/shop/model/DMC-G6KK",
    "warranty information": "1 year(s)",
    "weight": "1.1 lbs",
    "width": "4.4 in",
    "wifi": "Yes"
}