{
    "<page title>": "Nikon COOLPIX S31 Yellow Digital Camera (10.1 MP, 3x Opt, SD/SDHC/SDXC Card Slot) Price Comparison at Buy.net",
    "camera body only": "Body Only",
    "camera type": "Compact Camera",
    "depth": "1.6 in",
    "digital zoom": "4x",
    "effective megapixels": "10.1 Megapixel",
    "environmental protection": "Water Proof|Dust Proof|Shock Proof|Freeze Proof",
    "flash": "Auto Flash|Pre-flash",
    "focal length": "4.10 mm to 12.30 mm",
    "focal length 35mm equivalent": "29 mm to 87 mm",
    "green compliance": "WEEE|RoHS",
    "height": "2.6 in",
    "image sensor": "CCD",
    "image stabilization": "Electronic",
    "installed memory": "26 MB",
    "interface connection": "USB|A/V (RCA Composite)",
    "lcd screen size": "2.7 in",
    "max aperture": "3.3 1/f",
    "maximum video capture resolution": "1280 x 720",
    "memory card support": "Secure Digital (SD) Card|Secure Digital High Capacity (SDHC) Card|Secure Digital Extended Capacity (SDXC)",
    "optical zoom": "3 X",
    "total pixels": "10300000",
    "url": "http://www.nikon.com",
    "warranty information": "1 Year",
    "weight": "6.53 oz",
    "width": "4.1 in"
}