{
    "<page title>": "Vivitar ViviCam X30 10 Megapixel Compact Camera (2.5\" LCD - 3x Optical Zoom - 3264 X 2448 Image - 640 X 480 Video) Price Comparison at Buy.net",
    "battery builtin": "No",
    "battery include": "Yes",
    "brand name": "Vivitar",
    "camera modes": "Multiple Scene Modes",
    "frequency band": "Built-in microphone and speakerLanguage Support:EnglishGermanFrenchSpanishTraditional ChineseSimplified ChineseItalian",
    "gps": "No",
    "hd movie mode": "No",
    "longest shutter speed": "1/2 Second",
    "maximum frame rate": "30 fps",
    "product line": "ViviCam",
    "product model": "X30",
    "shortest shutter speed": "1/1500 Second",
    "software included": "Photo Explorer 8.0Photo Express 5.0Camera Driver for PC & Mac",
    "url": "http://www.vivitar.com/product_10mega.asp",
    "viewfinder type": "No"
}