{
    "<page title>": "Canon PowerShot SX600 HS 16 Megapixel Compact Camera - White (3\" LCD - 18x Optical Zoom - Optical IS - 4608 X 3456 Image - 1920 X 1080 Video - HDMI - PictBridge - HD Movie Mode) Price Comparison at Buy.net",
    "camera type": "Compact Camera",
    "depth": "1 in",
    "digital zoom": "4x",
    "effective megapixels": "16 Megapixel",
    "flash": "Auto Flash|Flash OFF|Flash ON|Slow Sync|Red-eye Reduction|Flash Exposure Compensation",
    "focal length": "4.50 mm to 81 mm",
    "focal length 35mm equivalent": "25 mm to 450 mm",
    "green compliance": "WEEE|REACH|RoHS",
    "height": "2.4 in",
    "image sensor": "CMOS",
    "image stabilization": "Optical",
    "lcd screen size": "3 in",
    "maximum video capture resolution": "1920 x 1080",
    "memory card support": "Secure Digital (SD) Card|Secure Digital Extended Capacity (SDXC)|Secure Digital High Capacity (SDHC) Card",
    "optical zoom": "18 X",
    "total pixels": "16800000",
    "url": "http://www.usa.canon.com",
    "warranty information": "1 Year",
    "weight": "5.78 oz",
    "width": "4.1 in"
}