{
    "<page title>": "Olympus Tough TG-630 IHS 12 Megapixel Compact Camera - White (3\" LCD - 5x Optical Zoom - Optical, Electronic IS - 3968 X 2976 Image - 1920 X 1080 Video - HDMI - PictBridge - HD Movie Mode) Price Comparison at Buy.net",
    "analog video out": "Yes",
    "battery builtin": "No",
    "battery include": "Yes",
    "battery model supported": "LI-50B",
    "battery rechargeable": "Yes",
    "brand name": "Olympus",
    "builtin flash": "Yes",
    "camera modes": "Scene Modes:PortraitLandscapeHand-Held StarlightNight SceneNight + PortraitSportIndoorSelf PortraitSunsetFireworksCuisineDocumentsBeach and SnowUnderwater SnapshotPet (Cat)Pet (Dog)Backlight HDR",
    "camera type": "Compact Camera",
    "depth": "0.9 in",
    "digital zoom": "4x",
    "effective megapixels": "12 Megapixel",
    "environmental protection": "Water Proof|Shock Proof|Freeze Proof|Crush Proof",
    "exposure control": "Program AE",
    "flash": "Auto Flash|Flash OFF|Flash ON|Red-eye Reduction",
    "focal length": "5 mm to 25 mm",
    "focal length 35mm equivalent": "28 mm to 140 mm 28 mm to 140 mm",
    "hd movie mode": "Yes",
    "height": "2.6 in",
    "image sensor": "CMOS",
    "image stabilization": "Optical|Electronic",
    "iso sensitivity": "High ISO Auto",
    "lcd screen size": "3 in",
    "lens construction": "11 Elements in 8 Groups",
    "longest shutter speed": "4 Second",
    "maximum diopter adjustment": "No",
    "maximum frame rate": "240 fps",
    "maximum video capture resolution": "1920 x 1080",
    "memory card support": "Secure Digital (SD) Card|Secure Digital High Capacity (SDHC) Card|Secure Digital Extended Capacity (SDXC)|Eye-Fi Card",
    "minimum diopter adjustment": "No",
    "normalizeddigital zoom": "4",
    "normalizedheight": "66.04",
    "normalizedoptical zoom": "5",
    "normalizedweight": "5.89",
    "number of batteries support": "1",
    "optical zoom": "5 X",
    "parent product type": "Digital Camera",
    "pictbridge": "Yes",
    "product line": "Tough",
    "product model": "TG-630 iHS",
    "shortest shutter speed": "1/2000 Second",
    "total pixels": "12700000",
    "url": "http://www.olympusamerica.com",
    "viewfinder type": "No",
    "warranty information": "1 Year",
    "weight": "5.89 oz",
    "white balance modes": "AutoOvercastSunlightTungstenFlourescent 1UnderwaterCustom",
    "wide angle": "Yes",
    "width": "3.9 in"
}