{
    "<page title>": "Panasonic Lumix DMC-LX7 Black Digital Camera (10.1 MP, 3.8x Opt, SD Card Slot) Price Comparison at Buy.net",
    "camera type": "Compact Camera",
    "depth": "1.8 in",
    "digital zoom": "4x",
    "effective megapixels": "10.1 Megapixel",
    "flash": "Auto Flash|Flash OFF|Flash ON|Slow Sync|Red-eye Reduction|Rear Curtain Sync|Front Curtain Sync",
    "focal length": "4.70 mm to 17.70 mm",
    "focal length 35mm equivalent": "24 mm to 90 mm",
    "height": "2.6 in",
    "image sensor": "MOS",
    "image stabilization": "Optical",
    "lcd screen size": "3 in",
    "maximum video capture resolution": "1920 x 1080",
    "memory card support": "Secure Digital (SD) Card|Secure Digital Extended Capacity (SDXC)|Secure Digital High Capacity (SDHC) Card",
    "optical zoom": "3.8 X",
    "total pixels": "12700000",
    "url": "http://www.panasonic.com",
    "warranty information": "1 Year",
    "weight": "9.49 oz",
    "width": "4.4 in"
}