{
    "<page title>": "Pentax Q7 Yellow Digital Camera Kit W/ 5-15 Mm Lens (12.4 MP, SD/SDHC/SDXC Card Slot) Price Comparison at Buy.net",
    "camera body only": "Body with Lens Kit",
    "camera type": "Mirrorless Interchangeable Lens Camera",
    "depth": "1.32 in",
    "effective megapixels": "12400000 pixels",
    "flash": "Accessory Shoe|Built-in Flash",
    "focal length": "5 mm to 15 mm",
    "focal length 35mm equivalent": "27.5 mm to 83 mm",
    "height": "2.3 in",
    "image sensor": "CMOS",
    "image stabilization": "Sensor Shift",
    "interface connection": "USB|Video - Out (Unspecified)|HDMI",
    "lcd screen size": "3 in",
    "lens mount": "Pentax Q",
    "max aperture": "2.8 1/f",
    "maximum video capture resolution": "1920 x 1080",
    "memory card support": "Secure Digital High Capacity (SDHC) Card|Secure Digital (SD) Card|Secure Digital Extended Capacity (SDXC)",
    "total pixels": "12760000 pixels",
    "url": "http://www.pentaxwebstore.com/product/42706",
    "warranty information": "1 year(s)",
    "weight": "6.35 oz",
    "width": "4 in"
}