{
    "<page title>": "Fuji Blowers FinePix S6800 16.2 Megapixel Compact Camera - White (3\" LCD - 30x Optical Zoom - Optical IS - 4608 X 3456 Image - 1920 X 1080 Video - HDMI - PictBridge - HD Movie Mode) Price Comparison at Buy.net",
    "battery builtin": "No",
    "battery include": "Yes",
    "brand name": "Fujifilm",
    "builtin flash": "Yes",
    "camera modes": "Shooting Modes:Pro Low-LightHDRZoom BracketingNatural Light & with FlashNatural LightPortraitBabySmileLandscapeSportNightNight (Tripod)FireworksSunsetSnowBeachPartyFlowerTextIndividual Shutter 3D",
    "camera type": "Compact Camera",
    "effective megapixels": "16.2 Megapixel",
    "exposure control": "ManualProgram AEShutter Priority AEAperture Priority AE",
    "focal length 35mm equivalent": "24 mm to 720 mm",
    "hd movie mode": "Yes",
    "image stabilization": "Optical",
    "iso sensitivity": "ISO 12800",
    "lcd screen size": "3 in",
    "lens construction": "15 Elements in 11 Groups",
    "longest shutter speed": "8 Second",
    "maximum diopter adjustment": "No",
    "maximum frame rate": "480 fps",
    "memory card support": "Secure Digital Extended Capacity (SDXC UHS-I)|Secure Digital High Capacity (SDHC) Card|Secure Digital (SD) Card|Secure Digital High Capacity (SDHC UHS-I)|Secure Digital Extended Capacity (SDXC)",
    "minimum diopter adjustment": "No",
    "normalizeddigital zoom": "2",
    "normalizedheight": "93.98",
    "normalizedoptical zoom": "30",
    "normalizedweight": "15.17",
    "number of batteries support": "4",
    "parent product type": "Digital Camera",
    "pictbridge": "Yes",
    "product line": "FinePix",
    "product model": "S6800",
    "product series": "S",
    "shortest shutter speed": "1/2000 Second",
    "viewfinder type": "No",
    "white balance modes": "Automatic Scene RecognitionFineShadeAutomatic Scene RecognitionFluorescent Light (Daylight)Fluorescent Light (Warm White)Fluorescent Light (Cool White)Incandescent LightCustom",
    "wide angle": "Yes"
}