{
    "<page title>": "Samsung Galaxy EK-GC110 16.3 Megapixel Compact Camera - Black (4.8\" Touchscreen LCD - 21x Optical Zoom - Optical IS - 4608 X 3456 Image - 1920 X 1080 Video - HDMI - HD Movie Mode) Price Comparison at Buy.net",
    "brand name": "Samsung",
    "builtin flash": "Yes",
    "camera modes": "Shooting Modes:AutoSmartFaceBest PhotoContinuous ShootingBest FaceLandscapeSunriseSnowClose-UpFoodSportsNight ScenePartyIndoorKids and PetsRich TonesPanoramaWavy WaterfallSilhouetteSunsetNightFireworks Play of LightSpecialist",
    "camera type": "Compact Camera",
    "depth": "0.8 in",
    "effective megapixels": "16.3 Megapixel",
    "exposure control": "Program AEAperture Priority AEShutter Priority AEManual Exposure",
    "flash": "Auto Flash|Flash OFF|Flash ON|Red-eye Reduction|Slow Sync",
    "focal length": "4.10 mm to 86.10 mm",
    "focal length 35mm equivalent": "23 mm to 483 mm 23 mm to 483 mm",
    "hd movie mode": "Yes",
    "height": "2.8 in",
    "image sensor": "BSI CMOS",
    "image stabilization": "Optical",
    "iso sensitivity": "ISO 3200",
    "lcd screen size": "4.8 in",
    "longest shutter speed": "16 Second",
    "maximum diopter adjustment": "No",
    "maximum frame rate": "120 fps",
    "maximum video capture resolution": "1920 x 1080",
    "memory card support": "microSD Card|microSDHC Card|microSD Extended Capacity (microSDXC)",
    "minimum diopter adjustment": "No",
    "normalizedheight": "71.12",
    "normalizedoptical zoom": "21",
    "normalizedweight": "10.58",
    "number of batteries support": "1",
    "optical zoom": "21 X",
    "parent product type": "Digital Camera",
    "product line": "Galaxy",
    "product model": "EK-GC110",
    "shortest shutter speed": "1/2000 Second",
    "total pixels": "17000000",
    "url": "http://www.samsungusa.com",
    "viewfinder type": "No",
    "weight": "10.58 oz",
    "white balance modes": "Auto WBDaylightCloudyFluorescent HFluorescent LTungstenCustom Settings",
    "width": "5.1 in"
}