{
    "<page title>": "Samsung Galaxy EK-GC200 16.3 Megapixel Compact Camera - White (4.8\" Touchscreen LCD - 21x Optical Zoom - Optical IS - 4608 X 3456 Image - 1920 X 1080 Video - HDMI - PictBridge - HD Movie Mode) Price Comparison at Buy.net",
    "camera type": "Compact Camera",
    "depth": "0.8 in",
    "effective megapixels": "16.3 Megapixel",
    "flash": "Auto Flash|Flash ON|Flash OFF|Red-eye Reduction|Slow Sync|Red-eye Fix",
    "focal length 35mm equivalent": "23 mm to 483 mm",
    "height": "2.8 in",
    "image sensor": "BSI CMOS",
    "image stabilization": "Optical",
    "lcd screen size": "4.8 in",
    "maximum video capture resolution": "1920 x 1080",
    "memory card support": "microSD Card|microSDHC Card|microSD Extended Capacity (microSDXC)",
    "optical zoom": "21 X",
    "total pixels": "17000000",
    "url": "http://www.samsungusa.com",
    "weight": "9.98 oz",
    "width": "5.2 in"
}