{
    "<page title>": "Nikon Coolplix P600 Black Digital Camera (16.1 MP, 60x Opt, SD/SDHC/SDXC Card Slot) Price Comparison at Buy.net",
    "camera type": "Point & Shoot Digital Camera",
    "depth": "4.2 in",
    "digital zoom": "4 X",
    "effective megapixels": "16100000 pixels",
    "flash": "Built-in Flash|Accessory Shoe",
    "focal length": "4.3 mm to 258 mm",
    "focal length 35mm equivalent": "24 mm to 1440 mm",
    "height": "3.4 in",
    "image sensor": "CMOS",
    "interface connection": "Video - Out (Unspecified)|USB|HDMI",
    "lcd screen size": "3 in",
    "max aperture": "3.5 1/f",
    "memory card support": "Secure Digital High Capacity (SDHC) Card|Secure Digital Extended Capacity (SDXC)|Secure Digital (SD) Card",
    "optical zoom": "60 X",
    "total pixels": "16760000 pixels",
    "url": "http://www.nikonusa.com/en/Nikon-Products/Product/Compact-Digital-Cameras/26462/COOLPIX-P600.html",
    "warranty information": "1 year(s)",
    "weight": "19.9 oz",
    "width": "5 in",
    "wifi": "Yes"
}