{
    "<page title>": "Olympus Smart VR-370 16 Megapixel Compact Camera - Silver (3\" LCD - 12.5x Optical Zoom - Optical, Electronic IS - 4608 X 3456 Image - 1280 X 720 Video - PictBridge - HD Movie Mode) Price Comparison at Buy.net",
    "camera type": "Compact Camera",
    "depth": "1.1 in",
    "digital zoom": "4x",
    "effective megapixels": "16 Megapixel",
    "flash": "Auto Flash|Flash OFF|Flash ON|Red-eye Reduction",
    "focal length": "4.20 mm to 52.50 mm",
    "focal length 35mm equivalent": "24 mm to 300 mm",
    "height": "2.4 in",
    "image sensor": "CCD",
    "image stabilization": "Optical|Electronic",
    "lcd screen size": "3 in",
    "maximum video capture resolution": "1280 x 720",
    "memory card support": "Secure Digital (SD) Card|Secure Digital Extended Capacity (SDXC)|Secure Digital High Capacity (SDHC) Card|Eye-Fi Card",
    "optical zoom": "12.5 X",
    "total pixels": "16500000",
    "url": "http://www.olympusamerica.com",
    "warranty information": "1 Year",
    "weight": "6.07 oz",
    "width": "4.1 in"
}