{
    "<page title>": "Fujifilm X-E2 Black Digital Camera Kit W/ 18-55 Mm Lens (16.3 MP, SD/SDHC/SDXC Card Slot) Price Comparison at Buy.net",
    "autofocus points": "49",
    "battery builtin": "No",
    "battery include": "Yes",
    "battery model supported": "NP-W126",
    "battery rechargeable": "Yes",
    "brand name": "Fujifilm",
    "builtin flash": "Yes",
    "exposure control": "Program AE Aperture Priority Shutter Priority Manual",
    "focal length 35mm equivalent": "27 mm to 84 mm (Lens 1)",
    "gps": "No",
    "hd movie mode": "Yes",
    "iso sensitivity": "ISO 25600",
    "lens construction": "14 Elements in 10 Groups",
    "longest shutter speed": "30 Second",
    "maximum diopter adjustment": "2",
    "maximum frame rate": "60 fps",
    "minimum diopter adjustment": "-4",
    "number of batteries support": "1",
    "parent product type": "Digital Camera",
    "parent retsku": "B00FYQTUX8",
    "pictbridge": "Yes",
    "product model": "X-E2",
    "product series": "X",
    "self timer": "10 Second",
    "shortest shutter speed": "1/4000 Second",
    "viewfinder type": "Electronic",
    "white balance modes": "Automatic Scene Recognition Custom / Color Temperature Selection (K) Fine Shade Fluorescent Light (Daylight) Fluorescent Light (Warm White) Fluorescent Light (Cool White) Incandescent Light Underwater"
}