{
    "<page title>": "Olympus Stylus Tough TG-3 Red Digital Camera (16 MP, 4x Opt, SD/SDHC/SDXC Card Slot, 36 MB) Price Comparison at Buy.net",
    "camera type": "Point & Shoot Digital Camera",
    "depth": "1.2 in",
    "digital zoom": "4 X",
    "effective megapixels": "16000000 pixels",
    "environmental protection": "Water Proof|Shock Proof|Freeze Proof|Dust Proof|Crush Proof",
    "flash": "Built-in Flash|Accessory Shoe",
    "focal length": "4.5 mm to 18 mm",
    "focal length 35mm equivalent": "25 mm to 100 mm",
    "gps enabled": "Yes",
    "height": "2.6 in",
    "image sensor": "CMOS",
    "image stabilization": "Sensor Shift",
    "installed memory": "36 MB",
    "interface connection": "USB|HDMI|A/V (RCA Composite)",
    "lcd screen size": "3 in",
    "max aperture": "2 1/f",
    "maximum video capture resolution": "1920 x 1080",
    "memory card support": "Secure Digital High Capacity (SDHC) Card|Secure Digital Extended Capacity (SDXC)|Secure Digital (SD) Card",
    "optical zoom": "4 X",
    "url": "http://www.getolympus.com/us/en/tg-3.html?source=igodigital",
    "warranty information": "1 year(s)",
    "weight": "8.7 oz",
    "width": "4.4 in",
    "wifi": "Yes"
}