{
    "<page title>": "Olympus FE-5020 12 Megapixel Compact Camera - White (2.7\" LCD - 5x Optical Zoom - 3968 X 2976 Image - 640 X 480 Video) Price Comparison at Buy.net",
    "camera type": "Compact Camera",
    "depth": "1 in",
    "digital zoom": "4x",
    "effective megapixels": "12 Megapixel",
    "flash": "Auto Flash|Flash ON|Flash OFF|Red-eye Reduction",
    "focal length": "4.30 mm to 21.50 mm",
    "height": "2.2 in",
    "image stabilization": "Electronic",
    "lcd screen size": "2.7 in",
    "maximum video capture resolution": "640 x 480",
    "memory card support": "microSD Card|xD-Picture Card",
    "optical zoom": "5 X",
    "total pixels": "12700000",
    "url": "http://www.olympusamerica.com",
    "warranty information": "1 Year",
    "weight": "3.77 oz",
    "width": "3.6 in"
}