{
    "<page title>": "Samsung WB800F 16.3 Megapixel Compact Camera - White (3\" Touchscreen LCD - 21x Optical Zoom - Optical IS - 4608 X 3456 Image - 1920 X 1080 Video - HDMI - PictBridge - HD Movie Mode) Price Comparison at Buy.net",
    "camera type": "Compact Camera",
    "depth": "0.9 in",
    "digital zoom": "5x",
    "effective megapixels": "16.3 Megapixel",
    "flash": "Auto Flash|Flash OFF|Flash ON|Slow Sync|Red-eye Fix|Red-eye Reduction",
    "focal length": "4.10 mm to 86.10 mm",
    "focal length 35mm equivalent": "23 mm to 483 mm",
    "green compliance": "WEEE|RoHS",
    "height": "2.4 in",
    "image sensor": "BSI CMOS",
    "image stabilization": "Optical",
    "lcd screen size": "3 in",
    "maximum video capture resolution": "1920 x 1080",
    "memory card support": "Secure Digital Standard Capacity (SDSC)|Secure Digital Extended Capacity (SDXC)|Secure Digital High Capacity (SDHC) Card|Secure Digital (SD) Card",
    "optical zoom": "21 X",
    "total pixels": "17000000",
    "url": "http://www.samsungusa.com",
    "weight": "7.69 oz",
    "width": "4.2 in"
}