{
    "<page title>": "Canon PowerShot G1 X Black Digital Camera (14.1 MP, 4x Opt, SD Card Slot) Price Comparison at Buy.net",
    "camera type": "Compact Camera",
    "depth": "2.6 in",
    "digital zoom": "4x",
    "effective megapixels": "14.3 Megapixel",
    "flash": "Auto Flash|Flash OFF|Flash ON|Slow Sync|Red-eye Reduction|Flash Exposure Compensation|Rear Curtain Sync",
    "focal length": "15.10 mm to 60.40 mm",
    "focal length 35mm equivalent": "28 mm to 112 mm",
    "green compliance": "Energy Star|REACH|RoHS|WEEE",
    "height": "3.2 in",
    "image sensor": "CMOS",
    "image stabilization": "Optical|Electronic",
    "lcd screen size": "3 in",
    "maximum video capture resolution": "1920 x 1080",
    "memory card support": "Secure Digital (SD) Card|Secure Digital High Capacity (SDHC) Card|Secure Digital Extended Capacity (SDXC)|Eye-Fi Card",
    "optical zoom": "4 X",
    "total pixels": "15000000",
    "url": "http://www.usa.canon.com",
    "warranty information": "1 Year Limited",
    "weight": "1.08 lbs",
    "width": "4.6 in"
}