{
    "<page title>": "Olympus OM-D E-M10 16.1 Megapixel Mirrorless Camera Body With Lens Kit - 14 Mm - 42 Mm - Silver (3\" Touchscreen LCD - 3x Optical Zoom - Optical IS - 1280 X 960 Image - 1920 X 1080 Video - HDMI - HD Movie Mode) Price Comparison at Buy.net",
    "camera body only": "Body with Lens Kit",
    "camera type": "Mirrorless Camera",
    "depth": "1.8 in",
    "effective megapixels": "16.1 Megapixel",
    "flash": "Auto Flash|Fill Flash|Flash ON|Flash OFF|Red-eye Reduction|Slow Sync|Rear Curtain Sync",
    "focal length": "14 mm to 42 mm (Lens 1)",
    "focal length 35mm equivalent": "28 mm to 84 mm (Lens 1)",
    "height": "3.2 in",
    "image sensor": "Live MOS",
    "image stabilization": "Optical",
    "lcd screen size": "3 in",
    "lens mount": "Micro Four Thirds",
    "maximum video capture resolution": "1920 x 1080",
    "memory card support": "Secure Digital (SD) Card|Secure Digital High Capacity (SDHC) Card|Secure Digital Extended Capacity (SDXC)",
    "optical zoom": "3 X",
    "total pixels": "17200000",
    "url": "http://www.olympusamerica.com",
    "warranty information": "12 Month",
    "weight": "13.97 oz",
    "width": "4.7 in"
}