{
    "<page title>": "Nikon V1 Black Digital Camera W/ 10-30mm Lens (10.1 MP, 3x Opt, SD/SDHC/SDXC Card Slot) Price Comparison at Buy.net",
    "camera body only": "Body with Lens Kit",
    "camera type": "Mirrorless Camera",
    "depth": "1.7 in",
    "effective megapixels": "10.1 Megapixel",
    "flash": "Auto Flash|Flash OFF|Flash ON|Red-eye Reduction|Slow Sync|Flash Exposure Compensation|Rear Curtain Sync",
    "focal length": "10 mm to 30 mm (Lens 1)",
    "height": "3.0 in",
    "image sensor": "CMOS",
    "image stabilization": "Optical",
    "lcd screen size": "3 in",
    "lens mount": "Nikon 1-mount",
    "maximum video capture resolution": "1920 x 1080",
    "memory card support": "Secure Digital (SD) Card|Secure Digital High Capacity (SDHC) Card|Secure Digital Extended Capacity (SDXC)",
    "optical zoom": "3 X",
    "total pixels": "12000000",
    "url": "http://www.nikon.com",
    "warranty information": "1 Year",
    "weight": "10.37 oz",
    "width": "4.4 in"
}