{
    "<page title>": "Vivitar ITwist F124 14.1 Megapixel Compact Camera - Red (2.4\" LCD - Electronic IS - 4416 X 3312 Image - 1280 X 720 Video - PictBridge - HD Movie Mode) Price Comparison at Buy.net",
    "camera type": "Compact Camera",
    "depth": "1.8 in",
    "digital zoom": "4x",
    "effective megapixels": "14.1 Megapixel",
    "flash": "Auto Flash|Flash OFF|Flash ON|Red-eye Reduction",
    "focal length": "7 mm",
    "height": "7.3 in",
    "image sensor": "CMOS",
    "image stabilization": "Electronic",
    "lcd screen size": "2.4 in",
    "maximum video capture resolution": "1280 x 720",
    "memory card support": "Secure Digital (SD) Card",
    "url": "http://www.vivitar.com",
    "warranty information": "1 Year",
    "width": "9.3 in"
}