{
    "<page title>": "Panasonic Lumix DMC-TS25 16.1 Megapixel Compact Camera - White (2.7\" LCD - 4x Optical Zoom - Optical IS - 4608 X 3456 Image - 1280 X 720 Video - PictBridge - HD Movie Mode) Price Comparison at Buy.net",
    "analog video out": "Yes",
    "autofocus points": "23",
    "battery builtin": "No",
    "battery include": "Yes",
    "battery rechargeable": "Yes",
    "brand name": "Panasonic",
    "builtin flash": "Yes",
    "camera modes": "Scene Modes:PortraitSoft SkinSceneryNight PortraitNight SceneryFoodBaby1Baby2PetSunsetHigh SensitivityStarry SkyGlass Through",
    "camera type": "Compact Camera",
    "depth": "0.8 in",
    "digital zoom": "4x",
    "effective megapixels": "16.1 Megapixel",
    "environmental protection": "Water Proof|Shock Proof|Freeze Proof|Dust Proof",
    "exposure control": "Program AE",
    "flash": "Red-eye Reduction|Red-eye Fix|Auto Flash|Flash ON|Flash OFF|Slow Sync",
    "focal length": "4.50 mm to 18 mm",
    "focal length 35mm equivalent": "25 mm to 100 mm 25 mm to 100 mm",
    "gps": "No",
    "hd movie mode": "Yes",
    "height": "2.3 in",
    "image sensor": "CCD",
    "image stabilization": "Optical",
    "iso sensitivity": "ISO 6400",
    "language support": "Vietnamese",
    "lcd screen size": "2.7 in",
    "lens construction": "11 Elements in 10 Groups",
    "longest shutter speed": "60 Second",
    "maximum diopter adjustment": "No",
    "maximum frame rate": "30 fps",
    "maximum video capture resolution": "1280 x 720",
    "memory card support": "Secure Digital (SD) Card|Secure Digital High Capacity (SDHC) Card|Secure Digital Extended Capacity (SDXC)",
    "minimum diopter adjustment": "No",
    "normalizeddigital zoom": "4",
    "normalizedheight": "58.42",
    "normalizedoptical zoom": "4",
    "normalizedweight": "4.41",
    "number of batteries support": "1",
    "optical zoom": "4 X",
    "pictbridge": "Yes",
    "product line": "Lumix",
    "product model": "DMC-TS25",
    "product series": "TS",
    "shortest shutter speed": "1/1300 Second",
    "software included": "Photofunstudio 9.0 SEAdobe Reader",
    "total pixels": "16600000",
    "url": "http://www.panasonic.com",
    "viewfinder type": "No",
    "warranty information": "1 Year",
    "weight": "4.41 oz",
    "white balance modes": "AutoDaylightCloudyShadeIncandescentWhite Set",
    "wide angle": "Yes",
    "width": "4.1 in"
}