{
    "<page title>": "Canon PowerShot SX700 HS Black Digital Camera (16.1 MP, 30x Opt, SD/SDHC/SDXC Card Slot) Price Comparison at Buy.net",
    "camera type": "Point & Shoot Digital Camera",
    "depth": "1.37 in",
    "digital zoom": "4 X",
    "effective megapixels": "16100000 pixels",
    "flash": "Accessory Shoe|Built-in Flash",
    "focal length": "4.5 mm to 135 mm",
    "focal length 35mm equivalent": "25 mm - 750 mm",
    "green compliance": "REACH|RoHS|WEEE",
    "height": "2.59 in",
    "image sensor": "CMOS",
    "image stabilization": "Optical",
    "interface connection": "Video - Out (Unspecified)|HDMI|Audio - Line Out (1/8\" Mini)",
    "lcd screen size": "3 in",
    "max aperture": "3.2 1/f",
    "memory card support": "Secure Digital High Capacity (SDHC) Card|Secure Digital (SD) Card|Secure Digital Extended Capacity (SDXC)",
    "optical zoom": "30 X",
    "total pixels": "16800000 pixels",
    "url": "http://shop.usa.canon.com/shop/en/catalog/cameras/powershot-sx-series-digital-cameras/powershot-sx700-hs-black",
    "warranty information": "1 year(s)",
    "weight": "8.64 lbs",
    "width": "4.44 in"
}