{
    "<page title>": "Fujifilm X100S Silver Digital Camera (16.3 MP, SD/SDHC/SDXC Card Slot) Price Comparison at Buy.net",
    "camera type": "Point & Shoot Digital Camera",
    "depth": "2.1 in",
    "effective megapixels": "16.3 Megapixel",
    "flash": "Accessory Shoe|Built-in Flash",
    "focal length": "23 mm",
    "height": "2.9 in",
    "image sensor": "CMOS",
    "interface connection": "HDMI|USB",
    "lcd screen size": "2.8 in",
    "max aperture": "2 1/f",
    "maximum video capture resolution": "1920 x 1080",
    "memory card support": "Secure Digital (SD) Card|Secure Digital Extended Capacity (SDXC)|Secure Digital High Capacity (SDHC) Card",
    "total pixels": "16.3 Megapixel",
    "url": "http://www.fujifilm.com/products/digital_cameras/x/fujifilm_x100s/",
    "warranty information": "1 year(s)",
    "weight": "15.7 oz",
    "width": "5 in"
}