{
    "<page title>": "Sony DSC-RX100/B Black Digital Camera (20.2 MP, 3.6x Opt, SD/SDXC/SDHC/MS Duo Card Slot) Price Comparison at Buy.net",
    "camera type": "Point & Shoot Digital Camera",
    "depth": "1.44 in",
    "digital zoom": "14 X",
    "effective megapixels": "20200000 pixels",
    "flash": "Built-in Flash|Accessory Shoe",
    "focal length 35mm equivalent": "36 mm to 127 mm",
    "height": "2.38 in",
    "image sensor": "CMOS",
    "image stabilization": "Optical",
    "interface connection": "USB|HDMI",
    "lcd screen size": "3 in",
    "max aperture": "1.8 1/f",
    "maximum video capture resolution": "1920 x 1080",
    "memory card support": "Secure Digital High Capacity (SDHC) Card|Secure Digital (SD) Card|Secure Digital Extended Capacity (SDXC)|Memory Stick Duo",
    "optical zoom": "3.6 X",
    "total pixels": "20900000 pixels",
    "url": "http://store.sony.com/cyber-shot-digital-camera-rx100-zid27-DSCRX100/B/cat-27-catid-All-Cyber-shot-Cameras",
    "warranty information": "1 year(s)",
    "weight": "7.5 oz",
    "width": "4 in"
}