{
    "<page title>": "Panasonic Lumix DMC-ZS25 16.1 Megapixel Compact Camera - Silver (3\" LCD - 20x Optical Zoom - Optical IS - 4896 X 3672 Image - 1920 X 1080 Video - HDMI - PictBridge - HD Movie Mode) Price Comparison at Buy.net",
    "analog video out": "Yes",
    "autofocus points": "23",
    "battery builtin": "No",
    "battery include": "Yes",
    "battery rechargeable": "Yes",
    "brand name": "Panasonic",
    "builtin flash": "Yes",
    "camera modes": "Scene Modes:PortraitSoft SkinScenerySportsNight PortraitNight SceneryHandheld Night ShotHDRFoodBaby1Baby2PetSunsetHigh SensitivityStarry SkyGlass ThroughUnderwater3D Photo",
    "camera type": "Compact Camera",
    "depth": "1.1 in",
    "digital zoom": "4x",
    "effective megapixels": "16.1 Megapixel",
    "exposure control": "Aperture Priority AEProgram AEShutter Priority AEManual",
    "flash": "Slow Sync|Auto Flash|Flash ON|Flash OFF|Red-eye Fix|Red-eye Reduction",
    "focal length": "4.30 mm to 86 mm",
    "focal length 35mm equivalent": "24 mm to 480 mm 24 mm to 480 mm",
    "gps": "No",
    "hd movie mode": "Yes",
    "height": "2.3 in",
    "image sensor": "MOS",
    "image stabilization": "Optical",
    "iso sensitivity": "ISO 6400",
    "language support": "Vietnamese",
    "lcd screen size": "3 in",
    "lens construction": "12 Elements in 10 Groups",
    "longest shutter speed": "30 Second",
    "maximum diopter adjustment": "No",
    "maximum frame rate": "220 fps",
    "maximum video capture resolution": "1920 x 1080",
    "memory card support": "Secure Digital Extended Capacity (SDXC)|Secure Digital High Capacity (SDHC) Card|Secure Digital (SD) Card",
    "minimum diopter adjustment": "No",
    "normalizeddigital zoom": "4",
    "normalizedheight": "58.42",
    "normalizedoptical zoom": "20",
    "normalizedweight": "6.03",
    "number of batteries support": "1",
    "optical zoom": "20 X",
    "parent product type": "Digital Camera",
    "pictbridge": "Yes",
    "product line": "Lumix",
    "product model": "DMC-ZS25",
    "product series": "ZS",
    "shortest shutter speed": "1/2000 Second",
    "software included": "Photofunstudio 9.0 AEAdobe Reader",
    "total pixels": "17500000",
    "url": "http://www.panasonic.com",
    "viewfinder type": "No",
    "warranty information": "1 Year",
    "weight": "6.03 oz",
    "white balance modes": "White Balance Adjustment (Except Auto)AutoDaylightCloudyShadeIncandescentWhite Set",
    "wide angle": "Yes",
    "width": "4.1 in"
}