{
    "<page title>": "Samsung SL820 12.2 Megapixel Compact Camera - Black (3\" LCD - 5x Optical Zoom - 4000 X 3000 Image - 1280 X 720 Video - HDMI - HD Movie Mode) Price Comparison at Buy.net",
    "camera type": "Compact Camera",
    "depth": "0.9 in",
    "digital zoom": "5x",
    "effective megapixels": "12.2 Megapixel",
    "flash": "Auto Flash|Flash OFF|Flash ON|Red-eye Reduction",
    "focal length": "5 mm to 25 mm",
    "height": "2.3 in",
    "image sensor": "CCD",
    "image stabilization": "Electronic|Optical",
    "installed memory": "100 MB",
    "interface connection": "1 x USB|1 x Audio/Video Out|1 x HDMI|1 x DC Power In",
    "lcd screen size": "3 in",
    "lens mount": "Fixed",
    "max aperture": "3.4 1/f",
    "maximum video capture resolution": "1280 x 720",
    "memory card support": "Secure Digital (SD) Card|Secure Digital High Capacity (SDHC) Card|MMCplus",
    "optical zoom": "5 X",
    "total pixels": "12400000",
    "url": "http://www.samsungusa.com",
    "warranty information": "1 Year Limited",
    "weight": "4.9 oz",
    "width": "3.7 in"
}