{
    "<page title>": "Kodak EasyShare V803 8 Megapixel Compact Camera - White Glaze (2.5\" LCD - 3x Optical Zoom - 3264 X 2448 Image - 640 X 480 Video - PictBridge) Price Comparison at Buy.net",
    "battery builtin": "No",
    "battery include": "Yes",
    "brand name": "Kodak",
    "camera modes": "Scene Modes:PortraitSportLandscapeClose UpNight PortraitNight LandscapeSnowBeachText/DocumentFireworksFlowerMuseum/MannerSelf-PortraitHigh ISOChildrenBacklightPanningCandlelightSunsetCustomPanoramaAnti BlurColor Modes:High ColorNatural Color (Default)Low ColorSepiaBlack and WhiteDrive Modes:Single ShotSelf-Timer: 2 and 10 Sec2-Shot Self-Timer: 10 and 18 SecDelay Shutter (2 Sec)Burst (1 fps up to 4 frames)",
    "camera type": "Compact Camera",
    "depth": "1.0 in",
    "digital zoom": "4x",
    "effective megapixels": "8 Megapixel",
    "flash": "Auto Flash|Red-eye Reduction|Flash OFF",
    "frequency band": "Movie with sound recordingAF Assist Light32MB internal memory/24MB available for picture storageSensitivity:Auto: ISO 80-160ISO 80ISO 100ISO 200ISO 400ISO 800ISO 1600",
    "gps": "No",
    "hd movie mode": "No",
    "height": "2.1 in",
    "image sensor": "CCD",
    "image stabilization": "Electronic",
    "interface connection": "1 x USB|1 x Audio/Video Out|1 x Docking Station|1 x DC Power In",
    "lcd screen size": "2.5 in",
    "longest shutter speed": "8 Second",
    "maximum frame rate": "30 fps",
    "maximum video capture resolution": "640 x 480",
    "memory card support": "Secure Digital (SD) Card|MultiMediaCard (MMC)",
    "normalizeddigital zoom": "4",
    "normalizedheight": "0.0021",
    "normalizedoptical zoom": "3",
    "normalizedweight": "5",
    "optical zoom": "3 X",
    "pictbridge": "Yes",
    "product line": "EasyShare",
    "product model": "V803",
    "shortest shutter speed": "1/1448 Second",
    "software included": "Kodak EasyShare",
    "total pixels": "8300000",
    "url": "http://www.kodak.com",
    "viewfinder type": "No",
    "warranty information": "1 Year",
    "weight": "5.00 oz",
    "white balance modes": "AutoDaylightTungstenFluorescentOpen Shade",
    "width": "4.1 in"
}