{
    "<page title>": "Sony Alpha A6000 Black Digital Camera Kit W/ 16-50 Mm Lens (24.3 MP, 3x Opt, SD/SDHC/SDXC/MS PRO Duo/MS PRO-HG Duo Card Slot) Price Comparison at Buy.net",
    "camera body only": "Body with Lens Kit",
    "camera type": "Mirrorless Interchangeable Lens Camera",
    "depth": "1.81 in",
    "digital zoom": "4 X",
    "effective megapixels": "24300000 pixels",
    "environmental protection": "Water Resistant",
    "flash": "Built-in Flash|Accessory Shoe",
    "focal length 35mm equivalent": "24 mm to 77 mm",
    "height": "2.88 in",
    "image sensor": "CMOS",
    "image stabilization": "Optical",
    "interface connection": "USB|HDMI",
    "lcd screen size": "3 in",
    "lens mount": "Sony E",
    "max aperture": "3.5 1/f",
    "maximum video capture resolution": "1920 x 1080",
    "memory card support": "Secure Digital High Capacity (SDHC) Card|Secure Digital Extended Capacity (SDXC)|Secure Digital (SD) Card|Memory Stick PRO-HG Duo|Memory Stick PRO Duo",
    "optical zoom": "3 X",
    "total pixels": "24700000 pixels",
    "url": "http://store.sony.com/mirrorless-dslr-camera-zid27-ILCE6000L/B/cat-27-catid-All-Alpha-NEX-Cameras",
    "warranty information": "1 year(s)",
    "weight": "10.1 oz",
    "width": "4.75 in",
    "wifi": "Yes"
}