{
    "<page title>": "Canon EOS Rebel T3i Black SLR Digital Camera Kit W/ 18-135 Mm & 70-300mm Lens (18 MP, SD/SDHC/SDXC Card Slot) Price Comparison at Buy.net",
    "camera type": "Digital SLR Camera",
    "depth": "3.1 in",
    "effective megapixels": "18,000,000 pixels",
    "flash": "Built-in Flash",
    "height": "3.9 in",
    "image sensor": "CMOS",
    "interface connection": "Video - Out (Unspecified)|USB|HDMI|Audio - Line Out (1/8\" Mini)",
    "lcd screen size": "3 in",
    "lens mount": "Canon EF",
    "maximum video capture resolution": "1920 x 1080",
    "memory card support": "Secure Digital High Capacity (SDHC) Card|Secure Digital Extended Capacity (SDXC)|Secure Digital (SD) Card",
    "total pixels": "18,700,000 pixels",
    "url": "http://usa.canon.com/cusa/consumer/products/cameras/slr_cameras/eos_rebel_t3i_18_55mm_is_ii_lens_kit",
    "warranty information": "1 year(s)",
    "weight": "18.2 oz",
    "width": "5.2 in"
}