{
    "<page title>": "Samsung Smart NX30 20.3 Megapixel Mirrorless Camera Body With Lens Kit - 18 Mm - 55 Mm - Black (3\" Touchscreen AMOLED - 3.1x Optical Zoom - Optical IS - 5472 X 3648 Image - 1920 X 1080 Video - HDMI - HD Movie Mode) Price Comparison at Buy.net",
    "camera body only": "Body with Lens Kit",
    "camera type": "Mirrorless Camera",
    "depth": "1.6 in",
    "digital zoom": "2x",
    "effective megapixels": "20.3 Megapixel",
    "flash": "Auto Flash|Flash OFF|Flash ON|Red-eye Reduction|Front Curtain Sync|Rear Curtain Sync|Smart Flash|Flash Exposure Compensation",
    "focal length": "18 mm to 55 mm (Lens 1)",
    "focal length 35mm equivalent": "27.70 mm to 84.70 mm (Lens 1)",
    "green compliance": "WEEE|RoHS",
    "height": "3.8 in",
    "image sensor": "CMOS",
    "image stabilization": "Optical",
    "lcd screen size": "3 in",
    "lens mount": "Samsung NX",
    "maximum video capture resolution": "1920 x 1080",
    "memory card support": "Secure Digital (SD) Card|Secure Digital Extended Capacity (SDXC UHS-I)|Secure Digital Extended Capacity (SDXC)|Secure Digital High Capacity (SDHC UHS-I)|Secure Digital High Capacity (SDHC) Card",
    "optical zoom": "3.1 X",
    "total pixels": "21600000",
    "url": "http://www.samsungusa.com",
    "weight": "2.15 lbs",
    "width": "5 in"
}