{
    "<page title>": "Leica 10770 Black Digital Rangefinder Camera (24 MP, 0.68x Opt, SD/SDHC/SDXC Card Slot) Price Comparison at Buy.net",
    "camera type": "Rangefinder",
    "depth": "1.65 in",
    "effective megapixels": "24000000 pixels",
    "flash": "Accessory Shoe",
    "height": "3.14 in",
    "image sensor": "CMOS",
    "lcd screen size": "3 in",
    "lens mount": "Leica M",
    "maximum video capture resolution": "1920 x 1080",
    "memory card support": "Secure Digital High Capacity (SDHC) Card|Secure Digital (SD) Card|Secure Digital Extended Capacity (SDXC)",
    "optical zoom": "0.68 X",
    "url": "http://us.leica-camera.com/Photography/M-System/Leica-M",
    "warranty information": "1 year(s)",
    "weight": "23.9 oz",
    "width": "5.47 in"
}