{
    "<page title>": "Olympus E-P5 Silver Digital Camera Kit W/ 17 Mm Lens (16.1 MP, 1.48x Opt, SD/SDXC/SDHC Card Slot) Price Comparison at Buy.net",
    "camera body only": "Body with Lens Kit",
    "camera type": "Mirrorless Interchangeable Lens Camera",
    "depth": "1.46 in",
    "digital zoom": "4 X",
    "effective megapixels": "16.1 pixels",
    "flash": "Built-in Flash|Accessory Shoe",
    "focal length": "17 mm",
    "gps enabled": "Yes",
    "height": "2.71 in",
    "image sensor": "CMOS",
    "image stabilization": "Sensor Shift",
    "interface connection": "USB|HDMI|A/V (RCA Composite)",
    "lcd screen size": "3 in",
    "max aperture": "1.8 1/f",
    "maximum video capture resolution": "1920 x 1080",
    "memory card support": "Secure Digital (SD) Card|Secure Digital High Capacity (SDHC) Card|Secure Digital Extended Capacity (SDXC)",
    "optical zoom": "1.48 X",
    "total pixels": "17.2 pixels",
    "url": "http://www.getolympus.com/us/en/e-p5.html",
    "warranty information": "1 year(s)",
    "weight": "13.33 oz",
    "width": "4.81 in",
    "wifi": "Yes"
}