{
    "<page title>": "Fujifilm X-E1 Black Digital Camera Kit W/ 18-55 Mm Lens (16.3 MP, SD/SDHC/SDXC Card Slot) Price Comparison at Buy.net",
    "autofocus points": "49",
    "battery builtin": "No",
    "battery include": "Yes",
    "battery model supported": "NP-W126",
    "battery rechargeable": "Yes",
    "brand name": "Fujifilm",
    "builtin flash": "Yes",
    "camera body only": "Body with Lens Kit",
    "camera type": "Mirrorless Camera",
    "depth": "1.5 in",
    "digital zoom": "No",
    "effective megapixels": "16.3 Megapixel",
    "exposure control": "Programmed AEShutter PriorityAperture Priority AEManual",
    "flash": "Auto Flash|Flash ON|Flash OFF|Commander|Red-eye Reduction|Rear Curtain Sync|Suppressed Flash|Slow Sync",
    "focal length": "18 mm to 55 mm (Lens 1)",
    "focal length 35mm equivalent": "27 mm to 84 mm (Lens 1) 27 mm to 84 mm (Lens 1)",
    "gps": "No",
    "hd movie mode": "Yes",
    "height": "2.9 in",
    "image sensor": "X-Trans CMOS",
    "image stabilization": "Optical",
    "iso sensitivity": "Auto",
    "lcd screen size": "2.8 in",
    "lens construction": "14 Elements in 10 Groups",
    "lens mount": "Fujifilm X-mount",
    "longest shutter speed": "30 Second",
    "maximum diopter adjustment": "2",
    "maximum frame rate": "24 fps",
    "maximum video capture resolution": "1920 x 1080",
    "memory card support": "Secure Digital (SD) Card|Secure Digital Extended Capacity (SDXC UHS-I)|Secure Digital High Capacity (SDHC) Card",
    "minimum diopter adjustment": "-4",
    "number of batteries support": "1",
    "optical zoom": "3.1 X",
    "pictbridge": "Yes",
    "product model": "X-E1",
    "product series": "X",
    "shortest shutter speed": "1/4000 Second",
    "software included": "Viewer SoftwareRAW File Converter",
    "url": "http://www.fujifilm.com",
    "viewfinder type": "Electronic",
    "warranty information": "1 Year",
    "weight": "10.58 oz",
    "white balance modes": "Automatic Scene RecognitionCustomColor Temperature Selection (K)FineShadeFluorescent Light (Daylight)Fluorescent Light (Warm White)Fluorescent Light (Cool White)Incandescent LightUnderwater",
    "width": "5.1 in"
}