{
    "<page title>": "Canon PowerShot S110 Black Digital Camera (12.1 Megapixel - 3\" Touchscreen LCD - 5x Optical Zoom - Optical IS - 4000 X 3000 Image - 1920 X 1080 Video - HDMI - PictBridge - HD Movie Mode) Price Comparison at Buy.net",
    "camera type": "Compact Camera",
    "depth": "1.1 in",
    "digital zoom": "4x",
    "effective megapixels": "12.1 Megapixel",
    "flash": "Auto Flash|Flash ON|Flash OFF|Slow Sync|Red-eye Reduction|Rear Curtain Sync|Flash Exposure Compensation",
    "focal length": "5.20 mm to 26 mm",
    "focal length 35mm equivalent": "24 mm to 120 mm",
    "green compliance": "REACH|RoHS|WEEE",
    "height": "2.3 in",
    "image sensor": "CMOS",
    "image stabilization": "Optical",
    "interface connection": "HDMI|USB|Video - Out (Unspecified)",
    "lcd screen size": "3 in",
    "max aperture": "2 1/f",
    "maximum video capture resolution": "1920 x 1080",
    "memory card support": "Secure Digital (SD) Card|Secure Digital High Capacity (SDHC) Card|Secure Digital Extended Capacity (SDXC)",
    "optical zoom": "5 X",
    "total pixels": "13300000",
    "url": "http://www.usa.canon.com",
    "warranty information": "1 Year",
    "weight": "6.10 oz",
    "width": "3.9 in"
}