{
    "<page title>": "Sony Alpha A7 Black Digital Camera Kit W/ 28-70mm Lens (24.3 MP, SD Card/Memory Stick) Price Comparison at Buy.net",
    "camera body only": "Body with Lens Kit",
    "camera type": "Digital SLR Camera",
    "effective megapixels": "24.3 Megapixel",
    "flash": "Accessory Shoe",
    "focal length": "28 - 70 mm",
    "image sensor": "CMOS",
    "image stabilization": "Optical",
    "interface connection": "Audio - Line In (1/8\" Mini)|Audio - Line Out (1/8\" Mini)|HDMI|USB",
    "lcd screen size": "3 in",
    "lens mount": "Sony E",
    "max aperture": "3.5 1/f",
    "maximum video capture resolution": "1920 x 1080",
    "memory card support": "Memory Stick PRO Duo|Memory Stick PRO-HG Duo|Secure Digital (SD) Card|Secure Digital Extended Capacity (SDXC)|Secure Digital High Capacity (SDHC) Card",
    "optical zoom": "2.5 X",
    "total pixels": "24.7 Megapixel",
    "url": "http://store.sony.com/WFS/SNYUS/en_US/-/USD/-zid27-ILCE7K/B/cat-27-catid-All-Alpha-NEX-Cameras?XID=O:ILCE7K/B:pg:df&CA_6C15C=130003920000039549",
    "warranty information": "1 year(s)",
    "weight": "27.2 oz",
    "wifi": "Yes"
}