{
    "<page title>": "Nikon D610 Black SLR Digital Camera Body Only (24.3 MP, SD/SDHC/SDXC Card Slot) Price Comparison at Buy.net",
    "camera body only": "Body Only",
    "camera type": "Digital SLR Camera",
    "depth": "3.2 in",
    "digital zoom": "No",
    "effective megapixels": "24.3 Megapixel",
    "environmental protection": "Water Resistant|Dust Resistant",
    "flash": "Auto Flash|Flash OFF|Flash ON|Slow Sync|Rear Curtain Sync|Front Curtain Sync|Red-eye Reduction|Flash Exposure Compensation",
    "green compliance": "WEEE|RoHS",
    "height": "4.4 in",
    "image sensor": "CMOS",
    "image stabilization": "No",
    "lcd screen size": "3.2 in",
    "lens mount": "Nikon F",
    "maximum video capture resolution": "1920 x 1080",
    "memory card support": "Secure Digital (SD) Card|Secure Digital Extended Capacity (SDXC)|Secure Digital High Capacity (SDHC) Card|Eye-Fi Card",
    "total pixels": "24700000",
    "url": "http://www.nikon.com",
    "warranty information": "1 Year",
    "weight": "1.68 lbs",
    "width": "5.6 in"
}