{
    "<page title>": "Canon PowerShot S120 Black Digital Camera (12.1 MP, 5x Opt, SD/SDHC/SDXC Card Slot) Price Comparison at Buy.net",
    "camera type": "Point & Shoot Digital Camera",
    "depth": "1.14 in",
    "digital zoom": "4 X",
    "effective megapixels": "12100000 pixels",
    "environmental protection": "Water Resistant",
    "flash": "Built-in Flash",
    "focal length": "5.2 mm to 26 mm",
    "focal length 35mm equivalent": "24 mm to 120mm",
    "height": "2.32 in",
    "image sensor": "CMOS",
    "image stabilization": "Optical",
    "interface connection": "Video - Out (Unspecified)|HDMI|Audio - Line Out (1/8\" Mini)",
    "lcd screen size": "3 in",
    "max aperture": "1.8 1/f",
    "maximum video capture resolution": "1920 x 1080",
    "memory card support": "Secure Digital High Capacity (SDHC) Card|Secure Digital (SD) Card|Secure Digital Extended Capacity (SDXC)",
    "optical zoom": "5 X",
    "removable flash memory included": "16 GB",
    "total pixels": "12800000 pixels",
    "url": "http://www.usa.canon.com/cusa/consumer/products/cameras/digital_cameras/powershot_s120#Specifications",
    "warranty information": "1 year(s)",
    "weight": "6.81 oz",
    "width": "3.94 in"
}