{
    "<page title>": "Video Systems MAC50 32 GB Flash Memory HD Camcorder (4x Opt, 1.5\" LCD) Price Comparison at Buy.net",
    "depth": "2.25 in",
    "environmental protection": "Water Proof",
    "height": "2.5 in",
    "interface connection": "USB - Universal Serial Bus",
    "lcd screen size": "1.5 in",
    "optical zoom": "4 X",
    "power source": "Lithium-Ion Battery",
    "product type": "Action Camcorder",
    "url": "http://www.povactionvideo.com/",
    "warranty information": "1 year(s)",
    "weight": "5.5 oz",
    "width": "2.5 in"
}