{
    "<page title>": "Aiptek PenCam PCM13 Compact Camera - Blue (1248 X 960 Image - 624 X 480 Video) Price Comparison at Buy.net",
    "brand name": "Aiptek",
    "camera type": "Compact Camera",
    "depth": "3.5 in",
    "exposure control": "Auto Exposure",
    "exposure settings": "Auto Exposure",
    "frequency band": "320 x 240 @ 20 fps resolution for video conferencingInternal Memory:16MB Built-in SDRAM (for AVI)16MB Built-in Flash (for Stills)",
    "general features": "Built-in Memory|Self Timer",
    "gps": "No",
    "hd movie mode": "No",
    "height": "1.3 in",
    "image format": "JPEG",
    "image sensor": "CMOS",
    "included components": "Carrying Strap|Cradle Stand|PC Connection Cable",
    "installed memory": "16 MB",
    "interface connection": "1 x USB",
    "max horizontal image resolution": "1248 pixels",
    "max vertical image resolution": "960 pixels",
    "maximum frame rate": "20 fps",
    "maximum image resolution": "1248 x 960",
    "maximum video capture resolution": "624 x 480",
    "memory card support": "Internal Memory",
    "normalizedheight": "0.0013",
    "normalizedinstalled memory": "16",
    "normalizednumber of image sensor pixels": "1.3",
    "normalizedweight": "1.68",
    "number of batteries support": "2",
    "number of resolution modes": "3",
    "power source": "(2) AAA Battery",
    "product line": "PenCam",
    "product model": "PCM13",
    "software included": "Camera ManagerMicrosoft NetMeetingCyberLink VideoLiveMailULead VideoStudioULead Photo Express SEULead Photo ExplorerULead Cool 360",
    "total pixels": "1300000",
    "url": "http://www.aiptek.com",
    "video capture format": "AVI",
    "viewfinder type": "Optical",
    "warranty information": "1 Year",
    "weight": "1.68 oz",
    "white balance": "Auto",
    "white balance modes": "Auto White-Balance",
    "width": "1.2 in"
}