{
    "<page title>": "Canon EOS Rebel XS 10.1 Megapixel Digital SLR Camera Body Only - Black (2.5\" LCD - 3888 X 2592 Image - PictBridge) Price Comparison at Buy.net",
    "camera body only": "Body Only",
    "camera type": "Digital SLR Camera",
    "depth": "2.4 in",
    "effective megapixels": "10.1 Megapixel",
    "flash": "Auto Flash",
    "height": "3.8 in",
    "image sensor": "CMOS",
    "interface connection": "A/V (RCA Composite)|USB",
    "lcd screen size": "2.5 in",
    "lens mount": "Canon EF/EF-S",
    "max aperture": "3.5 1/f",
    "memory card support": "Secure Digital (SD) Card|Secure Digital High Capacity (SDHC) Card",
    "total pixels": "10500000",
    "url": "http://www.usa.canon.com",
    "warranty information": "1 Year Limited",
    "weight": "15.90 oz",
    "width": "5.0 in"
}