{
    "<page title>": "General Electric X450 Black Digital Camera (16 MP, 25x Opt, SD/SDHC Card Slot) Price Comparison at Buy.net",
    "camera type": "Point & Shoot Digital Camera",
    "depth": "4.5 in",
    "digital zoom": "4 X",
    "effective megapixels": "16,150,000 pixels",
    "flash": "Built-in Flash",
    "focal length": "4.3 mm to 107.5 mm",
    "focal length 35mm equivalent": "24 mm to 600mm",
    "height": "2.8 in",
    "installed memory": "8 MB",
    "interface connection": "USB",
    "lcd screen size": "2.7 in",
    "max aperture": "3.7 1/f",
    "memory card support": "Secure Digital High Capacity (SDHC) Card|Secure Digital (SD) Card",
    "optical zoom": "25 X",
    "url": "http://www.general-imaging.com/x450/",
    "warranty information": "1 year(s)",
    "width": "3.1 in"
}