{
    "<page title>": "Canon EOS Rebel T5 Black SLR Digital Camera Kit W/ 18-55 Mm Lens (18 MP, SD/SDHC/SDXC Card Slot) Price Comparison at Buy.net",
    "camera body only": "Body with Lens Kit",
    "camera type": "Digital SLR Camera",
    "depth": "3.07 in",
    "effective megapixels": "18000000 pixels",
    "flash": "Accessory Shoe|Built-in Flash",
    "focal length": "18 mm to 55 mm",
    "focal length 35mm equivalent": "29 mm to 88 mm",
    "height": "3.93 in",
    "image sensor": "CMOS",
    "image stabilization": "Sensor Shift",
    "interface connection": "Video - Out (Unspecified)|USB|HDMI",
    "lcd screen size": "3 in",
    "lens mount": "Canon EF",
    "max aperture": "3.5 1/f",
    "maximum video capture resolution": "1920 x 1080",
    "memory card support": "Secure Digital High Capacity (SDHC) Card|Secure Digital Extended Capacity (SDXC)|Secure Digital (SD) Card",
    "total pixels": "18700000 pixels",
    "url": "http://www.usa.canon.com/cusa/support/consumer/eos_slr_camera_systems/eos_digital_slr_cameras/eos_rebel_t5_18_55_is_ii_kit",
    "warranty information": "1 year(s)",
    "weight": "15.34 oz",
    "width": "5.1 in",
    "you are reviewing": "Canon EOS Rebel T5 Black SLR Digital Camera Kit w/ 18-55 mm Lens"
}