{
    "<page title>": "Canon EOS 70D Black SLR Digital Camera Body Only (20.2 MP, SD Card Slot) Price Comparison at Buy.net",
    "camera body only": "Body Only",
    "camera type": "Digital SLR Camera",
    "depth": "3.1 in",
    "effective megapixels": "20.2 Megapixel",
    "environmental protection": "Water Resistant|Dust Resistant",
    "flash": "Auto Flash|Flash OFF|Flash ON|Red-eye Reduction|Flash Exposure Compensation",
    "green compliance": "WEEE|RoHS|REACH",
    "height": "4.1 in",
    "image sensor": "CMOS",
    "image stabilization": "No",
    "interface connection": "Audio - Line In (1/8\" Mini)|HDMI|USB",
    "lcd screen size": "3 in",
    "lens mount": "Canon EF",
    "maximum video capture resolution": "1920 x 1080",
    "memory card support": "Secure Digital (SD) Card|Secure Digital Extended Capacity (SDXC)|Secure Digital High Capacity (SDHC) Card|Secure Digital High Capacity (SDHC UHS-I)|Secure Digital Extended Capacity (SDXC UHS-I)|Eye-Fi Card",
    "total pixels": "20900000",
    "url": "http://www.usa.canon.com",
    "warranty information": "1 Year",
    "weight": "1.49 lbs",
    "width": "5.5 in",
    "wifi": "Yes"
}