{
    "<page title>": "Canon PowerShot A2500 Silver Digital Camera (16 MP, 5x Opt, SD Card Slot) Price Comparison at Buy.net",
    "camera type": "Compact Camera",
    "depth": "0.8 in",
    "digital zoom": "4x",
    "effective megapixels": "16 Megapixel",
    "flash": "Auto Flash|Flash OFF|Flash ON|Slow Sync|Red-eye Reduction|Flash Exposure Compensation|Red-eye Fix",
    "focal length": "5 mm to 25 mm",
    "focal length 35mm equivalent": "28 mm to 140 mm",
    "green compliance": "REACH|RoHS|WEEE",
    "height": "2.2 in",
    "image sensor": "CCD",
    "image stabilization": "Electronic",
    "lcd screen size": "2.7 in",
    "maximum video capture resolution": "1280 x 720",
    "memory card support": "Secure Digital (SD) Card|Secure Digital Extended Capacity (SDXC)|Secure Digital High Capacity (SDHC) Card",
    "optical zoom": "5 X",
    "total pixels": "16600000",
    "url": "http://www.usa.canon.com",
    "warranty information": "1 Year",
    "weight": "3.88 oz",
    "width": "3.8 in"
}