{
    "<page title>": "Sony Cyber-shot DSC-W730 16.1 Megapixel Compact Camera - Black (2.7\" Touchscreen LCD - 8x Optical Zoom - Optical IS - 4608 X 3456 Image - 1280 X 720 Video - HD Movie Mode) Price Comparison at Buy.net",
    "camera type": "Compact Camera",
    "depth": "0.9 in",
    "digital zoom": "32x",
    "effective megapixels": "16.1 Megapixel",
    "flash": "Slow Sync|Auto Flash|Flash ON|Flash OFF|Advanced Flash|Red-eye Reduction",
    "focal length": "4.50 mm to 36 mm",
    "focal length 35mm equivalent": "28 mm to 224 mm",
    "height": "2.1 in",
    "image sensor": "Super HAD CCD",
    "image stabilization": "Optical",
    "lcd screen size": "2.7 in",
    "maximum video capture resolution": "1280 x 720",
    "memory card support": "Memory Stick Duo|Secure Digital (SD) Card|Secure Digital High Capacity (SDHC) Card|Secure Digital Extended Capacity (SDXC)|Memory Stick PRO Duo|Memory Stick PRO-HG Duo|Memory Stick PRO Duo (Mark 2)",
    "optical zoom": "8 X",
    "total pixels": "16400000",
    "url": "http://www.sony.com",
    "warranty information": "1 Year",
    "weight": "3.74 oz",
    "width": "2 in"
}