{
    "<page title>": "Leica D-LUX 6 Glossy Black/Silver Digital Camera (10.1 MP, 3.8x Opt, SD/SDHC/SDXC Card Slot) Price Comparison at Buy.net",
    "camera type": "Point & Shoot Digital Camera",
    "depth": "1.8 in",
    "digital zoom": "4 X",
    "effective megapixels": "10100000 pixels",
    "flash": "Built-in Flash|Accessory Shoe",
    "focal length": "4.7 mm to 17.7 mm",
    "focal length 35mm equivalent": "24 mm to 90 mm",
    "height": "2.6 in",
    "image sensor": "CMOS",
    "installed memory": "70 MB",
    "interface connection": "USB|HDMI|A/V (RCA Composite)",
    "lcd screen size": "3 in",
    "max aperture": "1.4 1/f",
    "maximum video capture resolution": "1920 x 1080",
    "memory card support": "Secure Digital High Capacity (SDHC) Card|Secure Digital (SD) Card|Secure Digital Extended Capacity (SDXC)",
    "optical zoom": "3.8 X",
    "total pixels": "12700000 pixels",
    "url": "http://us.leica-camera.com/Photography/Compact-Cameras/Leica-D-Lux-6/",
    "warranty information": "1 year(s)",
    "weight": "10.44 oz",
    "width": "4.4 in"
}