{
    "<page title>": "Nikon D5300 24.2 Megapixel Digital SLR Camera Body Only - Red (3.2\" LCD - 6000 X 4000 Image - 1920 X 1080 Video - HDMI - PictBridge - HD Movie Mode) Price Comparison at Buy.net",
    "camera body only": "Body Only",
    "camera type": "Digital SLR Camera",
    "depth": "3 in",
    "digital zoom": "No",
    "effective megapixels": "24.2 Megapixel",
    "flash": "Auto Flash|Flash OFF|Flash ON|Slow Sync|Rear Curtain Sync|Red-eye Reduction|Flash Exposure Compensation",
    "green compliance": "WEEE|RoHS",
    "height": "3.9 in",
    "image sensor": "CMOS",
    "image stabilization": "No",
    "lcd screen size": "3.2 in",
    "lens mount": "Nikon F",
    "maximum video capture resolution": "1920 x 1080",
    "memory card support": "Secure Digital (SD) Card|Secure Digital Extended Capacity (SDXC)|Secure Digital High Capacity (SDHC) Card",
    "total pixels": "24800000",
    "url": "http://www.nikon.com",
    "warranty information": "1 Year",
    "weight": "1.06 lbs",
    "width": "4.9 in"
}