{
    "<page title>": "Leica C Light Gold Digital Camera (12.1 MP, 7x Opt, SD/SDXC/SDHC Card Slot) Price Comparison at Buy.net",
    "camera body only": "Body Only",
    "camera type": "Point & Shoot Digital Camera",
    "depth": "1.1 in",
    "digital zoom": "4 X",
    "effective megapixels": "12100000 pixels",
    "flash": "Built-in Flash",
    "focal length": "6 mm to 42.8 mm",
    "focal length 35mm equivalent": "28 mm to 200 mm",
    "height": "2.48 in",
    "image sensor": "CMOS",
    "image stabilization": "Optical",
    "installed memory": "87 MB",
    "interface connection": "USB|HDMI|A/V (RCA Composite)",
    "lcd screen size": "3 in",
    "max aperture": "2 X",
    "maximum video capture resolution": "1920 x 1080",
    "memory card support": "Secure Digital High Capacity (SDHC) Card|Secure Digital (SD) Card|Secure Digital Extended Capacity (SDXC)",
    "optical zoom": "7 X",
    "total pixels": "12800000 pixels",
    "url": "http://en.leica-camera.com/photography/compact_cameras/leica_c/",
    "warranty information": "1 year(s)",
    "weight": "6.1 oz",
    "width": "4.06 in",
    "wifi": "Yes"
}