{
    "<page title>": "Pentax K-50 White SLR Digital Camera Kit W/ 18-55 Mm Lens (16.3 MP, SD/SDHC/SDXC Card Slot) Price Comparison at Buy.net",
    "camera body only": "Body with Lens Kit",
    "camera type": "Digital SLR Camera",
    "depth": "2.8 in",
    "effective megapixels": "16300000 pixels",
    "environmental protection": "Water Proof|Dust Proof",
    "flash": "Built-in Flash|Accessory Shoe",
    "focal length": "18 mm to 55 mm",
    "focal length 35mm equivalent": "27 to 82 mm",
    "height": "3.8 in",
    "image sensor": "CMOS",
    "image stabilization": "Sensor Shift",
    "interface connection": "USB|Audio - Line In (1/8\" Mini)|A/V (RCA Composite)",
    "lcd screen size": "3 in",
    "lens mount": "Pentax KAF2",
    "max aperture": "3.5 1/f",
    "memory card support": "Secure Digital High Capacity (SDHC) Card|Secure Digital (SD) Card|Secure Digital Extended Capacity (SDXC)",
    "total pixels": "16500000 pixels",
    "url": "http://www.us.ricoh-imaging.com/dslr/K-50_White",
    "warranty information": "1 year(s)",
    "weight": "20.8 oz",
    "width": "5.1 in",
    "you are reviewing": "Pentax K-50 White SLR Digital Camera Kit w/ 18-55 mm Lens (16.3"
}