{
    "<page title>": "Nikon Coolpix P520 Black Digital Camera (18.1 MP, 42x Opt, SD/SDHC/SDXC Card Slot) Price Comparison at Buy.net",
    "camera type": "Bridge Camera",
    "depth": "4.0 in",
    "digital zoom": "2x",
    "effective megapixels": "18.1 Megapixel",
    "flash": "Auto Flash|Flash OFF|Flash ON|Slow Sync|Rear Curtain Sync|Red-eye Reduction|Pre-flash",
    "focal length": "4.30 mm to 180 mm",
    "focal length 35mm equivalent": "24 mm to 1000 mm",
    "gps enabled": "Yes",
    "green compliance": "WEEE|RoHS",
    "height": "3.3 in",
    "image sensor": "CMOS",
    "image stabilization": "Optical",
    "installed memory": "15 MB",
    "interface connection": "A/V (RCA Composite)|HDMI|USB",
    "lcd screen size": "3.2 in",
    "max aperture": "3 1/f",
    "maximum video capture resolution": "1920 x 1080",
    "memory card support": "Secure Digital (SD) Card|Secure Digital Extended Capacity (SDXC)|Secure Digital High Capacity (SDHC) Card",
    "optical zoom": "42 X",
    "total pixels": "18900000",
    "url": "http://www.nikon.com",
    "warranty information": "1 Year",
    "weight": "1.21 lbs",
    "width": "4.9 in"
}