{
    "<page title>": "Nikon Coolpix L28 20.1 Megapixel Compact Camera - Silver (3\" LCD - 5x Optical Zoom - Electronic IS - 5152 X 3864 Image - 1280 X 720 Video - HD Movie Mode) Price Comparison at Buy.net",
    "camera type": "Compact Camera",
    "depth": "1.1 in",
    "digital zoom": "4x",
    "effective megapixels": "20.1 Megapixel",
    "flash": "Auto Flash|Pre-flash",
    "focal length": "4.60 mm to 23 mm",
    "focal length 35mm equivalent": "26 mm to 130 mm",
    "green compliance": "WEEE|RoHS",
    "height": "2.4 in",
    "image sensor": "CCD",
    "image stabilization": "Electronic",
    "lcd screen size": "3 in",
    "maximum video capture resolution": "1280 x 720",
    "memory card support": "Secure Digital (SD) Card|Secure Digital Extended Capacity (SDXC)|Secure Digital High Capacity (SDHC) Card",
    "optical zoom": "5 X",
    "total pixels": "20500000",
    "url": "http://www.nikon.com",
    "warranty information": "1 Year",
    "weight": "5.78 oz",
    "width": "3.8 in"
}