{
    "<page title>": "Canon EOS-1D X Black SLR Digital Camera - Body Only (18.1 MP, CF Card Slot) Price Comparison at Buy.net",
    "camera body only": "Body Only",
    "camera type": "Digital SLR Camera",
    "depth": "3.3 in",
    "effective megapixels": "18.1 Megapixel",
    "environmental protection": "Water Resistant|Dust Resistant",
    "flash": "Auto Flash|Flash ON|Flash OFF|X-sync|Rear Curtain Sync|Flash Exposure Compensation",
    "green compliance": "RoHS|WEEE|REACH",
    "height": "6.4 in",
    "image sensor": "CMOS",
    "image stabilization": "No",
    "interface connection": "A/V (RCA Composite)|HDMI|USB",
    "lcd screen size": "3.2 in",
    "lens mount": "Canon EF/EF-S",
    "maximum video capture resolution": "1920 x 1080",
    "memory card support": "CompactFlash (CF) Card",
    "total pixels": "19300000",
    "url": "http://www.usa.canon.com",
    "warranty information": "1 Year Limited",
    "weight": "3.4 lbs",
    "width": "6.2 in"
}