{
    "<page title>": "Canon PowerShot A2600 16 Megapixel Compact Camera - Silver (3\" LCD - 5x Optical Zoom - Electronic IS - 4608 X 3456 Image - 1280 X 720 Video - PictBridge - HD Movie Mode) Price Comparison at Buy.net",
    "analog video out": "Yes",
    "autofocus points": "9",
    "battery builtin": "No",
    "battery include": "Yes",
    "battery model supported": "NB-11L",
    "battery rechargeable": "Yes",
    "brand name": "Canon",
    "builtin flash": "Yes",
    "camera modes": "Shooting Modes:AutoLive View ControlDigital ISPortraitFace Self-timerLow LightFisheye EffectMiniature EffectToy Camera EffectMonochromeSuper VividPoster EffectSnowFireworksLong Shutter",
    "camera type": "Compact Camera",
    "depth": "0.8 in",
    "digital zoom": "4x",
    "effective megapixels": "16 Megapixel",
    "exposure control": "Program AE",
    "flash": "Auto Flash|Slow Sync|Flash ON|Flash OFF|Red-eye Reduction",
    "focal length": "5 mm to 28 mm",
    "focal length 35mm equivalent": "28 mm to 140 mm 28 mm to 140 mm",
    "green compliance": "RoHS",
    "hd movie mode": "Yes",
    "height": "2.2 in",
    "image sensor": "CCD",
    "image stabilization": "Electronic",
    "iso sensitivity": "ISO 6400",
    "lcd screen size": "3 in",
    "longest shutter speed": "15 Second",
    "maximum diopter adjustment": "No",
    "maximum frame rate": "30 fps",
    "maximum video capture resolution": "1280 x 720",
    "memory card support": "Secure Digital (SD) Card|Secure Digital Extended Capacity (SDXC)|Secure Digital High Capacity (SDHC) Card",
    "minimum diopter adjustment": "No",
    "normalizeddigital zoom": "4",
    "normalizedheight": "55.88",
    "normalizedoptical zoom": "5",
    "normalizedweight": "4.23",
    "number of batteries support": "1",
    "optical zoom": "5 X",
    "pictbridge": "Yes",
    "product line": "PowerShot",
    "product model": "A2600",
    "product series": "A",
    "self timer": "10 Second",
    "shortest shutter speed": "1/2000 Second",
    "total pixels": "16600000",
    "url": "http://www.usa.canon.com",
    "viewfinder type": "No",
    "warranty information": "1 Year",
    "weight": "4.23 oz",
    "white balance modes": "AutoDaylightCloudyTungstenFluorescentFluorescent HCustom",
    "wide angle": "Yes",
    "width": "3.9 in"
}