{
    "<page title>": "Canon PowerShot D30 Blue Digital Camera (12.1 MP, 5x Opt, SD/SDHC/SDXC Card Slot) Price Comparison at Buy.net",
    "camera type": "Point & Shoot Digital Camera",
    "depth": "1.08 in",
    "digital zoom": "4 X",
    "effective megapixels": "12100000 pixels",
    "environmental protection": "Water Proof",
    "flash": "Accessory Shoe|Built-in Flash",
    "focal length": "5 mm to 25 mm",
    "focal length 35mm equivalent": "28 mm to 140 mm",
    "height": "2.68 in",
    "image sensor": "CMOS",
    "image stabilization": "Optical",
    "interface connection": "HDMI|Audio - Line Out (1/8\" Mini)",
    "lcd screen size": "3 in",
    "max aperture": "3.9 1/f",
    "memory card support": "Secure Digital High Capacity (SDHC) Card|Secure Digital (SD) Card|Secure Digital Extended Capacity (SDXC)",
    "optical zoom": "5 X",
    "total pixels": "12800000 pixels",
    "url": "http://shop.usa.canon.com/shop/en/catalog/cameras/powershot-d-series-digital-cameras/powershot-d30",
    "warranty information": "1 year(s)",
    "weight": "6.84 oz",
    "width": "4.31 in"
}