{
    "<page title>": "Olympus E-PL3 Black SLR Digital Camera Kit W/14-42 Mm II Lens (12.3 MP, SD/SDHC/SDXC/UHS-I Card Slot) Price Comparison at Buy.net",
    "camera body only": "Body with Lens Kit",
    "camera type": "Mirrorless Camera",
    "depth": "1.5 in",
    "effective megapixels": "12.3 Megapixel",
    "flash": "Auto Flash|Flash ON|Flash OFF|Slow Sync|Rear Curtain Sync|Red-eye Reduction",
    "focal length": "14 mm to 42 mm (Lens 1)",
    "focal length 35mm equivalent": "28 mm to 84 mm (Lens 1)",
    "height": "2.5 in",
    "image sensor": "Live MOS",
    "image stabilization": "Electronic",
    "lcd screen size": "3 in",
    "lens mount": "Micro Four Thirds",
    "maximum video capture resolution": "1920 x 1080",
    "memory card support": "Secure Digital (SD) Card|Secure Digital High Capacity (SDHC) Card|Secure Digital Extended Capacity (SDXC)|Eye-Fi Card",
    "optical zoom": "3 X",
    "total pixels": "13100000",
    "url": "http://www.olympusamerica.com",
    "warranty information": "1 Year Limited",
    "weight": "9.34 oz",
    "width": "4.3 in"
}