{
    "<page title>": "Sony Alpha A3000 Black SLR Digital Camera Kit W/ 18-55mm Lens (20.1 MP, 3x Opt, MS PRO DUO/Pro-HG Duo/SD/SDXC/SDHCCard Slot) Price Comparison at Buy.net",
    "camera body only": "Body with Lens Kit",
    "camera type": "Digital SLR Camera",
    "depth": "3.38 in",
    "digital zoom": "4 X",
    "effective megapixels": "20.1 pixels",
    "flash": "Built-in Flash|Accessory Shoe",
    "focal length": "18 mm to 55 mm",
    "focal length 35mm equivalent": "27 mm - 82.5 mm",
    "height": "3.63 in",
    "image sensor": "CMOS",
    "image stabilization": "Optical",
    "interface connection": "USB",
    "lcd screen size": "3 in",
    "lens mount": "Sony E",
    "max aperture": "3.5 1/f",
    "maximum video capture resolution": "1920 x 1080",
    "memory card support": "Secure Digital High Capacity (SDHC) Card|Secure Digital Extended Capacity (SDXC)|Secure Digital (SD) Card|Memory Stick PRO-HG Duo|Memory Stick PRO Duo",
    "optical zoom": "3 X",
    "total pixels": "20.4 pixels",
    "url": "http://store.sony.com/p/SEO-URL-Keywords/en/p/ILCE3000K/B",
    "warranty information": "1 year(s)",
    "weight": "12.5 oz",
    "width": "5.13 in"
}