{
    "<page title>": "CamMarkt | Canon EOS D30 3MP Digital SLR Camera (Body Only)",
    "brand": "Canon Canon",
    "catalog number": "C18-1021",
    "depth": "2.95 in.",
    "dioptric correction range": "-3 to +1",
    "display rotation": "Built-in\nDiagonal Screen Size is the size of your TV screen, measured diagonally in inches.",
    "display type": "LCD",
    "exposure compensation": "\u00c2\u00b12 EV range, in 1/2 or 1/3 EV steps",
    "exposure range": "EV 2-20 ( ISO 100 )",
    "flash modes": "E-TTL",
    "flash type": "Pop-up Flash",
    "height": "4.19 in.",
    "light sensitivity max": "1600",
    "manufacturer": "Canon",
    "max shutter speed": "1/4000 sec",
    "megapixels": "3.2 MP",
    "min shutter speed": "30 sec",
    "model": "D30",
    "optical viewfinder type": "Fixed eye-level pentaprism",
    "part number": "C181021",
    "red eye reduction": "Yes\nEffective Flash Range",
    "screen details": "LCD display - TFT active matrix - 1.8' - colour\nDisplay Rotation",
    "screen size": "1.8'\nLCD stands for 'Liquid Crystal Display.' This is the small screen on the back of a camera that digitally displays the same image you would see through the viewfinder. On many cameras you can also review the pictures stored in the camera's memory on the LCD Panel.",
    "specs": "More details: Description:",
    "type": "Digital SLR",
    "upc": "082966162046",
    "viewfinder  field coverage": "95%",
    "viewfinder magnification": "0.88x\nOptical Viewfinder Type",
    "warranty": "1 Year Limited",
    "weight": "1.72 pounds 26.45 Oz.",
    "width": "5.88 in."
}