{
    "<page title>": "CamMarkt | Pentax K20D 14.6MP Digital SLR Camera with Shake Reduction and D",
    "additional features": "PRINT Image Matching Sepia\nColor Extract\nIllustration\nSlim\nBlack & White\nSoft\nColor\nMonochrome\nBrightness Control\nSpecial Effects Water Resistant Dust Alert Sharpness Control Histogram Display AF Lock USB 2.0 Compatibility DPOF Support USB 2.0 Interchangeable Lenses RGB Primary Color Filter PictBridge Support Shadow Point Display Saturation Control Interval Shooting Mode With Tripod Mount Digital Image Rotation Digital Noise Reduction Highlight Point Display Anti-Dust Technology RAW Processing AE/FE Lock Depth-Of-Field Preview Button LCD Live View Mode Contrast Control Direct Print",
    "auto focus type": "TTL phase detection",
    "brand": "Pentax",
    "camera flash features": "SD Card\nMultiMediaCard\nSDHC Memory Card\nSD Memory Card\nSlow Sync\nSupported Flash Memory",
    "catalog number": "19411,K20DLENS,PEN-54673,KB19411,K20D/1855",
    "connector types": "1 x composite video output",
    "continuous shooting speed": "Shade (Preset)\nFluorescent (Preset)\nFlash (Preset)\nDaylight / Sunny (Preset)\nCloudy (Preset)\nAuto\nManual\n21 frames per second\nThe white balance of a digital camera controls the color outcome of pictures. All light gives off a color temperature which the camera analyzes and internally adjusts, so that the colors of the picture are captured in their true form. Without the proper white balance, the color in a photo may contain an overabundance of blue, green or orange hues.",
    "depth": "2.76 in.",
    "dioptric correction range": "-2.5 to +1.5",
    "display rotation": "Built-in\nDiagonal Screen Size is the size of your TV screen, measured diagonally in inches.",
    "display type": "LCD\nExpansion slots are built-in areas for future expansion. Some PDAs are made without certain features, but have built-in slots in case you want to add those features later. If the PDA you want to purchase does not have a certain feature that you are looking for, it may be expandable to include it in one of these slots.",
    "expansion slot": "1 x SD Memory Card\nHDMI Output",
    "exposure compensation": "Automatic\nBulb\nShutter & Aperture priority\nManual\nShutter-Priority\nAperture-Priority\n\u00c2\u00b13 EV in 1/2 EV steps or \u00c2\u00b12 EV in 1/3 EV steps\nExposure Modes",
    "exposure metering": "Center-Weighted",
    "exposure modes": "ISO-Priority",
    "exposure range": "EV 0-21 ( ISO 100 )",
    "flash modes": "Red-eye Reduction Flash\nManual\nFlash Off\nFill-in Flash\nAuto Flash\nFlash +/- Compensation\nAF Illuminator\nOFF mode\nCamera Flash Features",
    "flash type": "Pop-up Flash",
    "focal length equivalent to 35mm camera": "28 - 85mm\nAuto Focus type",
    "focus adjustment": "Automatic",
    "hdmi output": "No",
    "height": "3.98 in.",
    "lens for sd": "Manual\nBody Only\nFocus Adjustment",
    "light sensitivity": "ISO auto (100-3200)",
    "light sensitivity max": "6400",
    "manufacturer": "Pentax",
    "max operating temperature": "40 \u00c2\u00b0C",
    "max shutter speed": "1/4000 sec",
    "megapixels": "14.6 MP",
    "min operating temperature": "0 \u00c2\u00b0C",
    "min shutter speed": "Multi-Segment\nSpot\n30 sec\nExposure Metering",
    "model": "K20D",
    "optical viewfinder type": "Fixed eye-level pentaprism",
    "part number": "B0015GEJZ0",
    "red eye reduction": "Fill-in Mode\nP-TTL\nSlow Synchro\nRed-eye Reduction\nFP Flash (high-speed synchro)\nYes\nFlash Modes",
    "screen details": "LCD display - TFT active matrix - 2.7' - color\nDisplay Rotation",
    "screen size": "2.7'\nLCD stands for 'Liquid Crystal Display.' This is the small screen on the back of a camera that digitally displays the same image you would see through the viewfinder. On many cameras you can also review the pictures stored in the camera's memory on the LCD Panel.",
    "special effects": "HDR",
    "specs": "More details: Description:",
    "type": "Digital SLR",
    "upc": "027075130814",
    "viewfinder  field coverage": "95%",
    "viewfinder magnification": "0.95x\nOptical Viewfinder Type",
    "viewfinder type": "Optical",
    "weight": "25.6 Oz. 2.25 pounds",
    "white balance": "Tungsten (Preset)",
    "width": "5.57 in."
}