{
    "3d digital camera": "Yes",
    "<page title>": "CamMarkt | Sony Alpha SLT-A57K 16.1 MP Exmor APS HD CMOS Sensor DSLR with T",
    "brand": "Sony",
    "camera resolution": "16.1 Megapixel\nThe sensor in a digital camera is composed of pixels, which are tiny light-sensitive squares. The sensors in most cameras today are made up of millions of pixels, each one registering the brightness of the light striking it as the photo is taken. A megapixel is the term used for a million pixels \u00e2\u0080\u0094 and the more megapixels an imaging sensor has, the higher the camera's potential resolution. On the other hand, the megapixels determine the size of the print, so higher megapixels means larger print sizes, for examples, 6 megapixels are good for 8 x 10 in. prints, 8 megapixels are good for 16 x 20 in. prints.",
    "camera type": "3D Digital Camera",
    "catalog number": "SLTA57K,109796",
    "color": "Black",
    "focus type": "Autofocus & Manual Focus\nA CCD sensor will provide a sharper more precise image, but is generally more power consuming. CMOS sensors are generally more energy efficient and are creating better and better images as technology develops.",
    "image resolutions": "1920 x 1080",
    "image sensor type": "CMOS\nResolution is measured in megapixels. The higher the megapixels, the sharper and more detailed the pictures your digital camera can take, and the bigger you can enlarge them without losing the sharpness of the image. 3.1 megapixels and higher is usually considered sufficient for print-quality photos. Photos with a resolution of less than 3.1 megapixels are best viewed only on computers.",
    "interchangeable lens": "Interchangeable Lenses",
    "lcd screen size": "3 in.",
    "manufacturer": "Sony",
    "optical zoom": "3x\nThe sensor in a digital camera is composed of pixels, which are tiny light-sensitive squares. The sensors in most cameras today are made up of millions of pixels, each one registering the brightness of the light striking it as the photo is taken. A megapixel is the term used for a million pixels \u00e2\u0080\u0094 and the more megapixels an imaging sensor has, the higher the camera's potential resolution. On the other hand, the megapixels determine the size of the print, so higher megapixels means larger print sizes, for examples, 6 megapixels are good for 8 x 10 in. prints, 8 megapixels are good for 16 x 20 in. prints. 3x\nHigher-end cameras may allow you to separate the camera body from the lens, allowing you to interchange lenses for different types of photography.",
    "part number": "SLTA57K",
    "resolution": "16.1 Megapixel\nThere are several different types of digital cameras. Compact and Ultra-compact are light, pocket-sized cameras that are easy to carry, usually with a built-in lens. Standard point-and-shoot cameras are of medium size, usually come with a built-in lens, and have basic features that are useful for the casual photographer. SLR/Professional cameras are usually larger, but offer more advanced features and detachable lenses for the photography enthusiast or professional.",
    "specs": "More details: Description:",
    "upc": "27242847545",
    "weight": "4.9 pounds 453.59 gr 1 lb.\nThe optical zoom ratio of a digital camera measures how much the lens can actually zoom in to make subjects appear closer. Be careful to not confuse optical zoom with digital zoom. Optical zoom actually enlarges a picture while keeping the resolution and sharpness of the picture high. 1 lb.\nThe optical zoom ratio of a digital camera measures how much the lens can actually zoom in to make subjects appear closer. Be careful to not confuse optical zoom with digital zoom. Optical zoom actually enlarges a picture while keeping the resolution and sharpness of the picture high."
}