{
    "<page title>": "CamMarkt | Nikon D7100 24.1 MP DX-Format CMOS Digital SLR with 18-140mm f/3",
    "brand": "Nikon",
    "catalog number": "134450,K-78472-84",
    "color": "Black",
    "depth": "3 in.",
    "display type": "LCD",
    "height": "4.2 in.\nDiagonal Screen Size is the size of your TV screen, measured diagonally in inches.",
    "manufacturer": "Nikon",
    "megapixels": "24.1 MP",
    "model": "D7100",
    "part number": "13302",
    "screen size": "3.2'\nLCD stands for 'Liquid Crystal Display.' This is the small screen on the back of a camera that digitally displays the same image you would see through the viewfinder. On many cameras you can also review the pictures stored in the camera's memory on the LCD Panel.",
    "specs": "More details: Description:",
    "type": "Digital SLR",
    "upc": "018208015139",
    "weight": "27.04 Oz. 1.48 pounds",
    "width": "5.3 in."
}