{
    "<page title>": "CamMarkt | Blackmagic Pocket Cinema Camera with Micro Four Thirds Lens Moun",
    "brand": "Blackmagic Design",
    "catalog number": "9338716001938",
    "display type": "LCD\nDiagonal Screen Size is the size of your TV screen, measured diagonally in inches.",
    "manufacturer": "Blackmagic",
    "model": "Pocket Cinema Camera",
    "part number": "CINECAMPOCHDMFT",
    "screen size": "3.5'",
    "specs": "More details: Description:",
    "type": "Professional\nRefers to whether the device is a single drive or a duplicator unit capable of handling several discs at once.",
    "upc": "9338716001938",
    "weight": "1.7 pounds"
}