{
    "<page title>": "CamMarkt | Leica DIGILUX 3 7.5MP Digital SLR Camera with Leica D 14-50mm f/",
    "brand": "Leica",
    "camera flash features": "Red-eye Reduction Flash",
    "catalog number": "18284",
    "connector types": "1 x remote control",
    "continuous shooting speed": "Halogen (Preset)\nFlash (Preset)\nDaylight / Sunny (Preset)\nColour Temperature Adjust\nCloudy (Preset)\nAuto\nManual\n3 frames per second\nThe white balance of a digital camera controls the color outcome of pictures. All light gives off a color temperature which the camera analyzes and internally adjusts, so that the colors of the picture are captured in their true form. Without the proper white balance, the color in a photo may contain an overabundance of blue, green or orange hues.",
    "depth": "3.15 in.",
    "digital zoom": "4x",
    "display rotation": "Built-in\nDiagonal Screen Size is the size of your TV screen, measured diagonally in inches.",
    "display type": "LCD\nExpansion slots are built-in areas for future expansion. Some PDAs are made without certain features, but have built-in slots in case you want to add those features later. If the PDA you want to purchase does not have a certain feature that you are looking for, it may be expandable to include it in one of these slots.",
    "expansion slot": "1 x SD Memory Card",
    "exposure compensation": "Bulb\nManual\nShutter-Priority\nAperture-Priority\nTTL Program Flash\n\u00c2\u00b12 EV range, in 1/3 EV steps\nExposure Modes",
    "exposure metering": "Center-Weighted",
    "exposure modes": "Automatic",
    "flash modes": "Fill-in Flash\nAuto Flash\nFlash +/- Compensation\nAF Illuminator\nAuto Mode\nCamera Flash Features",
    "flash type": "Pop-up Flash",
    "focal length equivalent to 35mm camera": "28 - 100mm",
    "focus adjustment": "Automatic",
    "height": "3.42 in.",
    "lens for sd": "Manual\nBody Only\nFocus Adjustment",
    "light sensitivity": "ISO 100",
    "light sensitivity max": "1600",
    "manufacturer": "Leica",
    "max operating temperature": "40 \u00c2\u00b0C",
    "max shutter speed": "1/4000 sec",
    "megapixels": "7.5 MP\nUnlike optical zoom, digital zoom magnifies the pixels but not the actual image. The resulting image appears bigger, but is not as sharp as with an optical zoom.",
    "min operating temperature": "0 \u00c2\u00b0C",
    "min shutter speed": "Multi-Segment\nSpot\n60 sec\nExposure Metering",
    "part number": "18284",
    "red eye reduction": "OFF mode\nFill-in Mode\nSlow Synchro\nRed-eye Reduction\nRear Curtain Sync\nYes\nFlash Modes",
    "screen details": "LCD display - TFT active matrix - 2.5' - color\nDisplay Rotation",
    "screen size": "2.5'\nLCD stands for 'Liquid Crystal Display.' This is the small screen on the back of a camera that digitally displays the same image you would see through the viewfinder. On many cameras you can also review the pictures stored in the camera's memory on the LCD Panel.",
    "specs": "More details: Description:",
    "type": "Digital SLR",
    "weight": "18.7 Oz. 1.17 pounds",
    "white balance": "Shade (Preset)",
    "width": "5.74 in."
}