{
    "<page title>": "CamMarkt | Sony A3000 Interchangeable Lens Digital 20.1MP Camera with 18-55",
    "brand": "Sony Sony",
    "catalog number": "ILCE3000K/B,S12721697",
    "color": "Black",
    "digital zoom": "4x\nDiagonal Screen Size is the size of your TV screen, measured diagonally in inches.",
    "display type": "TFT LCD",
    "manufacturer": "Sony",
    "megapixels": "20.1 MP\nThe optical zoom ratio of a digital camera measures how much the lens can actually zoom in to make subjects appear closer. Be careful to not confuse optical zoom with digital zoom. Optical zoom actually enlarges a picture while keeping the resolution and sharpness of the picture high.",
    "model": "a3000",
    "optical zoom": "3x\nUnlike optical zoom, digital zoom magnifies the pixels but not the actual image. The resulting image appears bigger, but is not as sharp as with an optical zoom.",
    "part number": "ILCE3000K/B",
    "screen size": "3'\nLCD stands for 'Liquid Crystal Display.' This is the small screen on the back of a camera that digitally displays the same image you would see through the viewfinder. On many cameras you can also review the pictures stored in the camera's memory on the LCD Panel.",
    "specs": "More details: Description:",
    "type": "Digital SLR",
    "upc": "027242870789",
    "weight": "2.33 pounds"
}