{
    "<page title>": "CamMarkt | Canon EOS Rebel T3i 18 MP CMOS APS-C Sensor DIGIC 4 Image Proces",
    "brand": "Canon",
    "camera resolution": "2592 x 1728\n1920 x 1280\n3456 x 2304\n5184 x 3456\n18.7 Megapixel\nThe sensor in a digital camera is composed of pixels, which are tiny light-sensitive squares. The sensors in most cameras today are made up of millions of pixels, each one registering the brightness of the light striking it as the photo is taken. A megapixel is the term used for a million pixels \u00e2\u0080\u0094 and the more megapixels an imaging sensor has, the higher the camera's potential resolution. On the other hand, the megapixels determine the size of the print, so higher megapixels means larger print sizes, for examples, 6 megapixels are good for 8 x 10 in. prints, 8 megapixels are good for 16 x 20 in. prints.",
    "camera type": "SLR/Professional",
    "catalog number": "47757,CND5169B001",
    "color": "Black",
    "compression modes": "Uncompressed Raw Image\nDPOF 1.1\nDCF\nFine\nMany cameras include different settings to control photo resolution. The resolution of the pictures you take affects their quality as well as the amount of memory they utilize. Higher resolution results in higher quality, but takes up more memory.",
    "compression type": "Auto Flash\nRed-eye Reduction Flash\nJPEG\nIf the camera has a built-in flash, it might have several different flash functions, such as on/off or anti-redeye flash.",
    "depth": "7.9 cm 3.1 in.",
    "display type": "With LCD Screen",
    "family line": "Canon EOS",
    "features": "Red-eye Correction Face Detection",
    "flash functions": "Flash Off",
    "flash type": "100\n6400\n12800\nBuilt-In & External\nISO stands for International Standards Organization. It denotes the rating of a film's sensitivity to light (based on an arithmetical progression). Though digital cameras don't use film, they have adopted the same rating system for describing the sensitivity of the camera's imaging sensor. Digital cameras often include a control for adjusting the ISO speed; some will adjust it automatically depending on the lighting conditions, adjusting it upwards as the available light dims. For exampe, ISO 200 film is twice as fast as ISO 100 film but only half as fast as ISO 400. The scale is identical to ASA (American Standards Association). Generally, with higher ISO speeds there is more noise.",
    "frames per second": "Manual\nDaylight / Sunny (Preset)\nCloudy (Preset)\nFluorescent (Preset)\nTungsten (Preset)\nShade (Preset)\nFlash (Preset)\n3.7 Frames\nThe white balance of a digital camera controls the color outcome of pictures. All light gives off a color temperature which the camera analyzes and internally adjusts, so that the colors of the picture are captured in their true form. Without the proper white balance, the color in a photo may contain an overabundance of blue, green or orange hues.",
    "height": "3.9 in. 9.9 cm",
    "image resolutions": "720 x 480",
    "image sensor type": "CMOS\nResolution is measured in megapixels. The higher the megapixels, the sharper and more detailed the pictures your digital camera can take, and the bigger you can enlarge them without losing the sharpness of the image. 3.1 megapixels and higher is usually considered sufficient for print-quality photos. Photos with a resolution of less than 3.1 megapixels are best viewed only on computers.",
    "included accessories": "Strap Battery Pack USB Cable Software AV Cable",
    "interface type": "USB 2.0",
    "iso speeds": "Auto",
    "lcd protected position": "With LCD Protected Position\nA viewfinder is the small square on the back of a camera that you look through to compose the scene. Some cameras have small screens on the back that act as viewfinders. Other cameras have small glass areas through which you can look out of the front of the camera.",
    "lcd screen resolution": "1,040,000 pixels",
    "lcd screen size": "3 in.",
    "manufacturer": "Canon",
    "memory type": "SD Card",
    "part number": "REBEL T3i Body",
    "release date": "March, 2011",
    "resolution": "18.7 Megapixel\nThere are several different types of digital cameras. Compact and Ultra-compact are light, pocket-sized cameras that are easy to carry, usually with a built-in lens. Standard point-and-shoot cameras are of medium size, usually come with a built-in lens, and have basic features that are useful for the casual photographer. SLR/Professional cameras are usually larger, but offer more advanced features and detachable lenses for the photography enthusiast or professional.",
    "self timer": "10 Sec. 2 Sec.",
    "shutter speed": "1/60 - 1/4000 sec\nA CCD sensor will provide a sharper more precise image, but is generally more power consuming. CMOS sensors are generally more energy efficient and are creating better and better images as technology develops.",
    "specs": "More details: Description:",
    "tripod mount": "SDHC Card\nSDXC Card\nWith Tripod Mount\nThere are many types of memory / media for digital cameras, but most models are compatible with only one. The most common are CompactFlash and SmartMedia. Many other cameras use Memory Stick and some write the pictures directly onto mini-CDs or floppy disks. It is helpful to choose some sort of memory device that is easy to find in stores, in case you need to purchase extra.",
    "upc": "846840012212",
    "video interface": "Video Out",
    "viewfinder": "Optical (Through-the-lens)\nLCD stands for 'Liquid Crystal Display.' This is the small screen on the back of a camera that digitally displays the same image you would see through the viewfinder. On many cameras you can also review the pictures stored in the camera's memory on the LCD Panel.",
    "weight": "517.09 gr 1.14 lb. 1.14 pounds 1.14 lb.\nThe sensor in a digital camera is composed of pixels, which are tiny light-sensitive squares. The sensors in most cameras today are made up of millions of pixels, each one registering the brightness of the light striking it as the photo is taken. A megapixel is the term used for a million pixels \u00e2\u0080\u0094 and the more megapixels an imaging sensor has, the higher the camera's potential resolution. On the other hand, the megapixels determine the size of the print, so higher megapixels means larger print sizes, for examples, 6 megapixels are good for 8 x 10 in. prints, 8 megapixels are good for 16 x 20 in. prints.",
    "white balance": "Auto\nThe shutter speed of a camera depends on two variables: the size of the lens and the actual timing of the shutter, opening and closing. These two factors work as a team to control the amount of light that enters the camera. This is measured in fractions on a shutter speed dial which illustrate how long the shutter opens and closes in a set period of time. The term speed refers to how long the lens remains open. For example, a setting of 1/60 on a shutter speed dial means that the shutter opens and closes within one sixtieth of a second. Various shutter speeds can be used to manipulate the final result of the picture. Usually, a faster shutter speed is used to freeze the scene, for motion shots, while a slower speed is used to create more of an unfocused, abstract result.",
    "width": "5.2 in. 13.2 cm\nThe method by which your camera will communicate with your computer or other video device. Different methods enable you to download photos at varying speeds. Make sure the interface you want is also compatible with the computer you want to use it with."
}