{
    "<page title>": "CamMarkt | Canon EOS Rebel SL1 18.0 MP CMOS Digital Camera with 3-inch Touc",
    "brand": "Canon",
    "camera resolution": "18.5 Megapixel\nThe sensor in a digital camera is composed of pixels, which are tiny light-sensitive squares. The sensors in most cameras today are made up of millions of pixels, each one registering the brightness of the light striking it as the photo is taken. A megapixel is the term used for a million pixels \u00e2\u0080\u0094 and the more megapixels an imaging sensor has, the higher the camera's potential resolution. On the other hand, the megapixels determine the size of the print, so higher megapixels means larger print sizes, for examples, 6 megapixels are good for 8 x 10 in. prints, 8 megapixels are good for 16 x 20 in. prints.",
    "camera type": "Standard Point and Shoot",
    "catalog number": "122880,8575B001",
    "color": "none",
    "depth": "4.61 in. 11.7 cm",
    "family line": "Canon EOS",
    "flash functions": "Flash Off",
    "flash type": "100\n200\n400\n800\n1600\n3200\n6400\n12800\nBuilt-In & External\nISO stands for International Standards Organization. It denotes the rating of a film's sensitivity to light (based on an arithmetical progression). Though digital cameras don't use film, they have adopted the same rating system for describing the sensitivity of the camera's imaging sensor. Digital cameras often include a control for adjusting the ISO speed; some will adjust it automatically depending on the lighting conditions, adjusting it upwards as the available light dims. For exampe, ISO 200 film is twice as fast as ISO 100 film but only half as fast as ISO 400. The scale is identical to ASA (American Standards Association). Generally, with higher ISO speeds there is more noise.",
    "height": "2.72 in. 6.9 cm",
    "image resolutions": "5184 x 3456",
    "image sensor type": "CMOS\nResolution is measured in megapixels. The higher the megapixels, the sharper and more detailed the pictures your digital camera can take, and the bigger you can enlarge them without losing the sharpness of the image. 3.1 megapixels and higher is usually considered sufficient for print-quality photos. Photos with a resolution of less than 3.1 megapixels are best viewed only on computers.",
    "iso speeds": "Auto\nA CCD sensor will provide a sharper more precise image, but is generally more power consuming. CMOS sensors are generally more energy efficient and are creating better and better images as technology develops.",
    "lcd screen size": "3 in.",
    "manufacturer": "Canon",
    "part number": "8575B001",
    "resolution": "18.5 Megapixel\nThere are several different types of digital cameras. Compact and Ultra-compact are light, pocket-sized cameras that are easy to carry, usually with a built-in lens. Standard point-and-shoot cameras are of medium size, usually come with a built-in lens, and have basic features that are useful for the casual photographer. SLR/Professional cameras are usually larger, but offer more advanced features and detachable lenses for the photography enthusiast or professional.",
    "specs": "More details: Description:",
    "upc": "8714574602660",
    "weight": "0.82 pounds 0.9 lb. 0.9 lb.\nThe sensor in a digital camera is composed of pixels, which are tiny light-sensitive squares. The sensors in most cameras today are made up of millions of pixels, each one registering the brightness of the light striking it as the photo is taken. A megapixel is the term used for a million pixels \u00e2\u0080\u0094 and the more megapixels an imaging sensor has, the higher the camera's potential resolution. On the other hand, the megapixels determine the size of the print, so higher megapixels means larger print sizes, for examples, 6 megapixels are good for 8 x 10 in. prints, 8 megapixels are good for 16 x 20 in. prints. 408.23 gr",
    "width": "3.58 in. Auto Flash\nRed-eye Reduction Flash\nForced On\n9.1 cm\nIf the camera has a built-in flash, it might have several different flash functions, such as on/off or anti-redeye flash."
}