{
    "3d digital camera": "Yes",
    "<page title>": "CamMarkt | Sony A77VM 24.3 MP Translucent Mirror Digital SLR With 18-135mm",
    "brand": "Sony",
    "camera resolution": "1920 x 1080\n24.3 Megapixel\nThe sensor in a digital camera is composed of pixels, which are tiny light-sensitive squares. The sensors in most cameras today are made up of millions of pixels, each one registering the brightness of the light striking it as the photo is taken. A megapixel is the term used for a million pixels \u00e2\u0080\u0094 and the more megapixels an imaging sensor has, the higher the camera's potential resolution. On the other hand, the megapixels determine the size of the print, so higher megapixels means larger print sizes, for examples, 6 megapixels are good for 8 x 10 in. prints, 8 megapixels are good for 16 x 20 in. prints.",
    "camera type": "3D Digital Camera",
    "catalog number": "SLTA77VM,114582",
    "color": "Black",
    "hd recording format": "1080p (HDTV)",
    "image resolutions": "3008 x 2000",
    "image sensor type": "CMOS\nResolution is measured in megapixels. The higher the megapixels, the sharper and more detailed the pictures your digital camera can take, and the bigger you can enlarge them without losing the sharpness of the image. 3.1 megapixels and higher is usually considered sufficient for print-quality photos. Photos with a resolution of less than 3.1 megapixels are best viewed only on computers.",
    "lcd screen size": "3 in.",
    "manufacturer": "Sony",
    "memory type": "Built-in",
    "part number": "SLTA77VM",
    "resolution": "24.3 Megapixel\nThere are several different types of digital cameras. Compact and Ultra-compact are light, pocket-sized cameras that are easy to carry, usually with a built-in lens. Standard point-and-shoot cameras are of medium size, usually come with a built-in lens, and have basic features that are useful for the casual photographer. SLR/Professional cameras are usually larger, but offer more advanced features and detachable lenses for the photography enthusiast or professional.",
    "specs": "More details: Description:",
    "weight": "1 lb.\nThe sensor in a digital camera is composed of pixels, which are tiny light-sensitive squares. The sensors in most cameras today are made up of millions of pixels, each one registering the brightness of the light striking it as the photo is taken. A megapixel is the term used for a million pixels \u00e2\u0080\u0094 and the more megapixels an imaging sensor has, the higher the camera's potential resolution. On the other hand, the megapixels determine the size of the print, so higher megapixels means larger print sizes, for examples, 6 megapixels are good for 8 x 10 in. prints, 8 megapixels are good for 16 x 20 in. prints. SD Card\nMemory Stick DUO PRO\nSDHC Card\nSDXC Card\n1 lb.\nThere are many types of memory / media for digital cameras, but most models are compatible with only one. The most common are CompactFlash and SmartMedia. Many other cameras use Memory Stick and some write the pictures directly onto mini-CDs or floppy disks. It is helpful to choose some sort of memory device that is easy to find in stores, in case you need to purchase extra. 2.32 pounds 453.59 gr"
}