{
    "<page title>": "CamMarkt | Panasonic Lumix DMC-G1 12.1MP Micro Four Thirds Interchangeable",
    "battery life": "HDMI\n330 Images\nThe method by which your camera will communicate with your computer or other video device. Different methods enable you to download photos at varying speeds. Make sure the interface you want is also compatible with the computer you want to use it with.",
    "battery type": "Rechargeable Li-Ion Battery",
    "brand": "Panasonic",
    "builtin microphone": "With Built-in Microphone",
    "camera resolution": "2048 x 1536\n2048 x 1360\n2816 x 1880\n4000 x 3000\n2816 x 1584\n4000 x 2672\n4000 x 2248\n12.1 Megapixel\nThe sensor in a digital camera is composed of pixels, which are tiny light-sensitive squares. The sensors in most cameras today are made up of millions of pixels, each one registering the brightness of the light striking it as the photo is taken. A megapixel is the term used for a million pixels \u00e2\u0080\u0094 and the more megapixels an imaging sensor has, the higher the camera's potential resolution. On the other hand, the megapixels determine the size of the print, so higher megapixels means larger print sizes, for examples, 6 megapixels are good for 8 x 10 in. prints, 8 megapixels are good for 16 x 20 in. prints.",
    "camera type": "Micro Four Thirds / Prosumer",
    "color": "Black",
    "compression modes": "Normal Uncompressed Raw Image\nDCF\nDPOF\nEXIF 2.21\nFine\nMany cameras include different settings to control photo resolution. The resolution of the pictures you take affects their quality as well as the amount of memory they utilize. Higher resolution results in higher quality, but takes up more memory.",
    "compression type": "Auto Flash\nRed-eye Reduction Flash\nSlow Sync\nForced On\nJPEG\nIf the camera has a built-in flash, it might have several different flash functions, such as on/off or anti-redeye flash.",
    "depth": "4.5 cm 1.78 in.",
    "digital zoom": "4x\nThe sensor in a digital camera is composed of pixels, which are tiny light-sensitive squares. The sensors in most cameras today are made up of millions of pixels, each one registering the brightness of the light striking it as the photo is taken. A megapixel is the term used for a million pixels \u00e2\u0080\u0094 and the more megapixels an imaging sensor has, the higher the camera's potential resolution. On the other hand, the megapixels determine the size of the print, so higher megapixels means larger print sizes, for examples, 6 megapixels are good for 8 x 10 in. prints, 8 megapixels are good for 16 x 20 in. prints.",
    "display type": "With LCD Screen",
    "family line": "Panasonic Lumix",
    "features": "Motion Detection Face Detection",
    "file size high res": "SD Card\nSDHC Card\n20.65 MB (6 images on 128MB card)\nThere are many types of memory / media for digital cameras, but most models are compatible with only one. The most common are CompactFlash and SmartMedia. Many other cameras use Memory Stick and some write the pictures directly onto mini-CDs or floppy disks. It is helpful to choose some sort of memory device that is easy to find in stores, in case you need to purchase extra.",
    "file size low res": "0.84 MB (about 152 images on 128MB card)",
    "flash functions": "Flash Off",
    "flash type": "100\n200\n400\n800\n1600\n3200\nBuilt-In & External\nISO stands for International Standards Organization. It denotes the rating of a film's sensitivity to light (based on an arithmetical progression). Though digital cameras don't use film, they have adopted the same rating system for describing the sensitivity of the camera's imaging sensor. Digital cameras often include a control for adjusting the ISO speed; some will adjust it automatically depending on the lighting conditions, adjusting it upwards as the available light dims. For exampe, ISO 200 film is twice as fast as ISO 100 film but only half as fast as ISO 400. The scale is identical to ASA (American Standards Association). Generally, with higher ISO speeds there is more noise.",
    "focus type": "Autofocus & Manual Focus\nA CCD sensor will provide a sharper more precise image, but is generally more power consuming. CMOS sensors are generally more energy efficient and are creating better and better images as technology develops.",
    "frames per second": "Manual\nDaylight / Sunny (Preset)\nCloudy (Preset)\nShade (Preset)\nHalogen (Preset)\nFlash (Preset)\n3 Frames\nThe white balance of a digital camera controls the color outcome of pictures. All light gives off a color temperature which the camera analyzes and internally adjusts, so that the colors of the picture are captured in their true form. Without the proper white balance, the color in a photo may contain an overabundance of blue, green or orange hues.",
    "hd recording format": "1080p (HDTV)",
    "height": "8.4 cm 3.29 in.",
    "image resolutions": "2816 x 2112",
    "image sensor type": "Live MOS\nResolution is measured in megapixels. The higher the megapixels, the sharper and more detailed the pictures your digital camera can take, and the bigger you can enlarge them without losing the sharpness of the image. 3.1 megapixels and higher is usually considered sufficient for print-quality photos. Photos with a resolution of less than 3.1 megapixels are best viewed only on computers.",
    "included accessories": "AC Power Cord Battery Charger Shoulder Strap AC Power Adapter Video Cable USB Cable Software",
    "interchangeable lens": "Interchangeable Lenses",
    "interface type": "USB 2.0",
    "iso speeds": "Auto",
    "lcd protected position": "Without LCD Protected Position\nA viewfinder is the small square on the back of a camera that you look through to compose the scene. Some cameras have small screens on the back that act as viewfinders. Other cameras have small glass areas through which you can look out of the front of the camera.",
    "lcd screen resolution": "460,000 pixels",
    "lcd screen size": "3 in.",
    "manufacturer": "Panasonic",
    "memory type": "Multimedia Card",
    "part number": "DMC-G1 Black",
    "release date": "November, 2008",
    "resolution": "12.1 Megapixel\nThere are several different types of digital cameras. Compact and Ultra-compact are light, pocket-sized cameras that are easy to carry, usually with a built-in lens. Standard point-and-shoot cameras are of medium size, usually come with a built-in lens, and have basic features that are useful for the casual photographer. SLR/Professional cameras are usually larger, but offer more advanced features and detachable lenses for the photography enthusiast or professional.",
    "self timer": "10 Sec. 2 Sec.",
    "specs": "More details: Description:",
    "upc": "037988988341",
    "video interface": "Video Out",
    "viewfinder": "Digital\nLCD stands for 'Liquid Crystal Display.' This is the small screen on the back of a camera that digitally displays the same image you would see through the viewfinder. On many cameras you can also review the pictures stored in the camera's memory on the LCD Panel.",
    "weight": "0.02 pounds 0.85 lb. 0.85 lb.\nUnlike optical zoom, digital zoom magnifies the pixels but not the actual image. The resulting image appears bigger, but is not as sharp as with an optical zoom. 385.55 gr",
    "white balance": "Auto\nHigher-end cameras may allow you to separate the camera body from the lens, allowing you to interchange lenses for different types of photography.",
    "width": "4.88 in. 12.4 cm"
}