{
    "<page title>": "CamMarkt | Pentax 645D 40MP Medium Format Digital SLR Camera with 3-Inch LC",
    "brand": "Pentax",
    "camera resolution": "18.6 Megapixel",
    "catalog number": "38064",
    "color": "Black",
    "display type": "With LCD Screen\nA CCD sensor will provide a sharper more precise image, but is generally more power consuming. CMOS sensors are generally more energy efficient and are creating better and better images as technology develops.",
    "image sensor type": "CCD\nResolution is measured in megapixels. The higher the megapixels, the sharper and more detailed the pictures your digital camera can take, and the bigger you can enlarge them without losing the sharpness of the image. 3.1 megapixels and higher is usually considered sufficient for print-quality photos. Photos with a resolution of less than 3.1 megapixels are best viewed only on computers.",
    "lcd protected position": "Without LCD Protected Position\nLCD stands for 'Liquid Crystal Display.' This is the small screen on the back of a camera that digitally displays the same image you would see through the viewfinder. On many cameras you can also review the pictures stored in the camera's memory on the LCD Panel.",
    "manufacturer": "Pentax",
    "part number": "645D",
    "specs": "More details: Description:",
    "warranty": "1 year parts and labor",
    "weight": "3.5 pounds"
}