{
    "<page title>": "CamMarkt | Canon Rebel XTi 10.1 MP Digital SLR Camera with EF-S 17-85mm Zoo",
    "brand": "Canon Canon",
    "catalog number": "CAN-30898,DIG-REB-XTI/1785 D34562,EC2822,DIG-REB-XTI/1785",
    "color": "Black",
    "continuous shooting speed": "Shade (Preset)\nFluorescent (Preset)\nDaylight / Sunny (Preset)\nCloudy (Preset)\nAuto\nManual\n3 frames per second\nThe white balance of a digital camera controls the color outcome of pictures. All light gives off a color temperature which the camera analyzes and internally adjusts, so that the colors of the picture are captured in their true form. Without the proper white balance, the color in a photo may contain an overabundance of blue, green or orange hues.",
    "depth": "2.63 in.",
    "display type": "LCD",
    "focal length range": "17mm - 85mm",
    "height": "3.71 in.\nDiagonal Screen Size is the size of your TV screen, measured diagonally in inches.",
    "lens for sd": "EF-S IS 17-85mm",
    "manufacturer": "Canon",
    "megapixels": "8.0 MP\nThe optical zoom ratio of a digital camera measures how much the lens can actually zoom in to make subjects appear closer. Be careful to not confuse optical zoom with digital zoom. Optical zoom actually enlarges a picture while keeping the resolution and sharpness of the picture high.",
    "model": "Digital Rebel XT / 350D",
    "optical zoom": "5x",
    "part number": "1236B006",
    "screen size": "1.8'\nLCD stands for 'Liquid Crystal Display.' This is the small screen on the back of a camera that digitally displays the same image you would see through the viewfinder. On many cameras you can also review the pictures stored in the camera's memory on the LCD Panel.",
    "specs": "More details: Description:",
    "type": "Digital SLR",
    "upc": "660685001770",
    "weight": "85.12 Oz. 1.19 pounds",
    "white balance": "Tungsten (Preset)",
    "width": "4.98 in."
}