{
    "<page title>": "CamMarkt | Canon EOS 550D (European EOS Rebel T2i) 18 MP CMOS APS-C Digital",
    "brand": "Canon Canon",
    "catalog number": "##-CANON-APN-4463B023",
    "continuous shooting speed": "Shade (Preset)\nFluorescent (Preset)\nFlash (Preset)\nDaylight / Sunny (Preset)\nColour Temperature Adjust\nCloudy (Preset)\nAuto\nManual\n30 frames per second\nThe white balance of a digital camera controls the color outcome of pictures. All light gives off a color temperature which the camera analyzes and internally adjusts, so that the colors of the picture are captured in their true form. Without the proper white balance, the color in a photo may contain an overabundance of blue, green or orange hues.",
    "depth": "3 in.",
    "display type": "LCD",
    "focus adjustment": "Autofocus & Manual Focus",
    "height": "3.8 in.\nDiagonal Screen Size is the size of your TV screen, measured diagonally in inches.",
    "lens for sd": "EF-S IS 18-55mm\nFocus Adjustment",
    "manufacturer": "Canon",
    "megapixels": "18.0 MP",
    "model": "Rebel T2i / 550D",
    "part number": "8714574576091",
    "screen size": "3'\nLCD stands for 'Liquid Crystal Display.' This is the small screen on the back of a camera that digitally displays the same image you would see through the viewfinder. On many cameras you can also review the pictures stored in the camera's memory on the LCD Panel.",
    "specs": "More details: Description:",
    "type": "Digital SLR",
    "upc": "833779830024",
    "weight": "16.8 Oz. 1.17 pounds",
    "white balance": "Tungsten (Preset)",
    "width": "5.1 in."
}