{
    "<page title>": "CamMarkt | Canon EOS 5D Mark III 22.3 MP Full Frame CMOS Digital SLR Camera",
    "brand": "Canon Canon",
    "color": "Black",
    "depth": "3 in.",
    "digital zoom": "2x",
    "display type": "LCD",
    "focus adjustment": "Fixed Focus",
    "height": "4.6 in.\nDiagonal Screen Size is the size of your TV screen, measured diagonally in inches.",
    "lens for sd": "Body Only\nFocus Adjustment",
    "manufacturer": "Canon",
    "megapixels": "22.3 MP\nUnlike optical zoom, digital zoom magnifies the pixels but not the actual image. The resulting image appears bigger, but is not as sharp as with an optical zoom.",
    "model": "5D Mark III",
    "part number": "5260B054",
    "screen size": "3.2'\nLCD stands for 'Liquid Crystal Display.' This is the small screen on the back of a camera that digitally displays the same image you would see through the viewfinder. On many cameras you can also review the pictures stored in the camera's memory on the LCD Panel.",
    "specs": "More details: Description:",
    "type": "Digital SLR",
    "upc": "8714574583242",
    "weight": "30.3 Oz. 1.89 pounds",
    "width": "6 in."
}