{
    "<page title>": "CamMarkt | Canon EOS Rebel T3i 18 MP CMOS APS-C Sensor DIGIC 4 Image Proces",
    "brand": "Canon",
    "camera resolution": "18 Megapixel",
    "catalog number": "K-63752-",
    "family line": "Canon EOS",
    "focal length": "18 - 55 mm",
    "focus type": "Autofocus & Manual Focus\nA CCD sensor will provide a sharper more precise image, but is generally more power consuming. CMOS sensors are generally more energy efficient and are creating better and better images as technology develops.",
    "image sensor type": "CMOS\nResolution is measured in megapixels. The higher the megapixels, the sharper and more detailed the pictures your digital camera can take, and the bigger you can enlarge them without losing the sharpness of the image. 3.1 megapixels and higher is usually considered sufficient for print-quality photos. Photos with a resolution of less than 3.1 megapixels are best viewed only on computers.",
    "lcd screen size": "3 in.",
    "manufacturer": "Canon",
    "part number": "5169B025",
    "resolution": "18 Megapixel",
    "specs": "More details: Description:",
    "upc": "845251029512",
    "weight": "1.14 lb.\nThe sensor in a digital camera is composed of pixels, which are tiny light-sensitive squares. The sensors in most cameras today are made up of millions of pixels, each one registering the brightness of the light striking it as the photo is taken. A megapixel is the term used for a million pixels \u00e2\u0080\u0094 and the more megapixels an imaging sensor has, the higher the camera's potential resolution. On the other hand, the megapixels determine the size of the print, so higher megapixels means larger print sizes, for examples, 6 megapixels are good for 8 x 10 in. prints, 8 megapixels are good for 16 x 20 in. prints. 0 pounds 1.14 lb.\nThe distance from the center of the lens to the image of an object at infinity. At same size, the distance from copy to image is four times the focal length of the lens. This also applies to lithographic process lens as well. A 35mm SLR camera has interchangeable lenses that can range in focal length from around 7 to 17mm which are usually fisheye, 17 to 35 are considered wide angle. 50mm is called the standard lens as it has the same equivalent focal length as the human eye. Anything longer is a telephoto lens. Usually expressed in millimeters, smaller focal lengths result in wider fields-of-view. 517.09 gr"
}