{
    "<page title>": "CamMarkt | Canon Rebel XS 10.1MP Digital SLR Camera with EF-S 18-55mm f/3.5",
    "brand": "Canon",
    "camera resolution": "2816 x 1880\n1936 x 1288\n10.5 Megapixel\nThe sensor in a digital camera is composed of pixels, which are tiny light-sensitive squares. The sensors in most cameras today are made up of millions of pixels, each one registering the brightness of the light striking it as the photo is taken. A megapixel is the term used for a million pixels \u00e2\u0080\u0094 and the more megapixels an imaging sensor has, the higher the camera's potential resolution. On the other hand, the megapixels determine the size of the print, so higher megapixels means larger print sizes, for examples, 6 megapixels are good for 8 x 10 in. prints, 8 megapixels are good for 16 x 20 in. prints.",
    "camera type": "SLR/Professional",
    "catalog number": "2762b003,EC2827,EOSREBELXS BLK,00351M,CANO2762B003,CAN-58128,REBELXSLENSB",
    "color": "Black",
    "compression type": "JPEG",
    "depth": "6.2 cm 2.44 in.",
    "family line": "Canon EOS",
    "features": "Red-eye Correction Image Stabilization",
    "focal length": "18 - 55 mm\nA CCD sensor will provide a sharper more precise image, but is generally more power consuming. CMOS sensors are generally more energy efficient and are creating better and better images as technology develops.",
    "frames per second": "Manual\nDaylight / Sunny (Preset)\nCloudy (Preset)\nFluorescent (Preset)\nTungsten (Preset)\nShade (Preset)\nFlash (Preset)\n3 Frames\nThe white balance of a digital camera controls the color outcome of pictures. All light gives off a color temperature which the camera analyzes and internally adjusts, so that the colors of the picture are captured in their true form. Without the proper white balance, the color in a photo may contain an overabundance of blue, green or orange hues.",
    "height": "3.84 in. 9.8 cm",
    "image resolutions": "3888 x 2592",
    "image sensor type": "CMOS\nResolution is measured in megapixels. The higher the megapixels, the sharper and more detailed the pictures your digital camera can take, and the bigger you can enlarge them without losing the sharpness of the image. 3.1 megapixels and higher is usually considered sufficient for print-quality photos. Photos with a resolution of less than 3.1 megapixels are best viewed only on computers.",
    "interchangeable lens": "Interchangeable Lenses\nThe distance from the center of the lens to the image of an object at infinity. At same size, the distance from copy to image is four times the focal length of the lens. This also applies to lithographic process lens as well. A 35mm SLR camera has interchangeable lenses that can range in focal length from around 7 to 17mm which are usually fisheye, 17 to 35 are considered wide angle. 50mm is called the standard lens as it has the same equivalent focal length as the human eye. Anything longer is a telephoto lens. Usually expressed in millimeters, smaller focal lengths result in wider fields-of-view.",
    "lcd screen size": "2.5 in.",
    "manufacturer": "Canon",
    "memory type": "Raw Image\nDPOF 1.1\nEXIF 2.21\nDCF 2.0\nSD Card\nMany cameras include different settings to control photo resolution. The resolution of the pictures you take affects their quality as well as the amount of memory they utilize. Higher resolution results in higher quality, but takes up more memory.",
    "part number": "2762B003",
    "resolution": "10.5 Megapixel\nThere are several different types of digital cameras. Compact and Ultra-compact are light, pocket-sized cameras that are easy to carry, usually with a built-in lens. Standard point-and-shoot cameras are of medium size, usually come with a built-in lens, and have basic features that are useful for the casual photographer. SLR/Professional cameras are usually larger, but offer more advanced features and detachable lenses for the photography enthusiast or professional.",
    "shutter speed": "30 - 1/4000 sec\nHigher-end cameras may allow you to separate the camera body from the lens, allowing you to interchange lenses for different types of photography.",
    "specs": "More details: Description:",
    "upc": "8714574546759",
    "weight": "449.06 gr 0.99 pounds 0.99 lb. 0.99 lb.\nThe sensor in a digital camera is composed of pixels, which are tiny light-sensitive squares. The sensors in most cameras today are made up of millions of pixels, each one registering the brightness of the light striking it as the photo is taken. A megapixel is the term used for a million pixels \u00e2\u0080\u0094 and the more megapixels an imaging sensor has, the higher the camera's potential resolution. On the other hand, the megapixels determine the size of the print, so higher megapixels means larger print sizes, for examples, 6 megapixels are good for 8 x 10 in. prints, 8 megapixels are good for 16 x 20 in. prints.",
    "white balance": "Auto\nThe shutter speed of a camera depends on two variables: the size of the lens and the actual timing of the shutter, opening and closing. These two factors work as a team to control the amount of light that enters the camera. This is measured in fractions on a shutter speed dial which illustrate how long the shutter opens and closes in a set period of time. The term speed refers to how long the lens remains open. For example, a setting of 1/60 on a shutter speed dial means that the shutter opens and closes within one sixtieth of a second. Various shutter speeds can be used to manipulate the final result of the picture. Usually, a faster shutter speed is used to freeze the scene, for motion shots, while a slower speed is used to create more of an unfocused, abstract result.",
    "width": "4.96 in. SDHC Card\n12.6 cm\nThere are many types of memory / media for digital cameras, but most models are compatible with only one. The most common are CompactFlash and SmartMedia. Many other cameras use Memory Stick and some write the pictures directly onto mini-CDs or floppy disks. It is helpful to choose some sort of memory device that is easy to find in stores, in case you need to purchase extra."
}