{
    "<page title>": "CamMarkt | Nikon 1 V2 14.2 MP HD Digital Camera Body Only (Black)",
    "brand": "Nikon",
    "catalog number": "27602,118280",
    "color": "Black",
    "family line": "Nikon 1",
    "image resolutions": "4608 x 3072",
    "image sensor type": "CCD\nThe sensor in a digital camera is composed of pixels, which are tiny light-sensitive squares. The sensors in most cameras today are made up of millions of pixels, each one registering the brightness of the light striking it as the photo is taken. A megapixel is the term used for a million pixels \u00e2\u0080\u0094 and the more megapixels an imaging sensor has, the higher the camera's potential resolution. On the other hand, the megapixels determine the size of the print, so higher megapixels means larger print sizes, for examples, 6 megapixels are good for 8 x 10 in. prints, 8 megapixels are good for 16 x 20 in. prints.",
    "manufacturer": "Nikon",
    "part number": "27602",
    "specs": "More details: Description:",
    "upc": "18208276028",
    "weight": "1.75 pounds 0.74 lb.\nA CCD sensor will provide a sharper more precise image, but is generally more power consuming. CMOS sensors are generally more energy efficient and are creating better and better images as technology develops. 335.66 gr"
}