{
    "<page title>": "CamMarkt | Pentax K-01 16 Megapixel Black Digital SLR Body Only 15222",
    "brand": "Pentax",
    "camera resolution": "4224 x 2376\n3456 x 2304\n3840 x 2880 (Interpolated)\n4224 x 2816\n4352 x 3264\n3456 x 1944\n4928 x 3264\n16.3 Megapixel\nThe sensor in a digital camera is composed of pixels, which are tiny light-sensitive squares. The sensors in most cameras today are made up of millions of pixels, each one registering the brightness of the light striking it as the photo is taken. A megapixel is the term used for a million pixels \u00e2\u0080\u0094 and the more megapixels an imaging sensor has, the higher the camera's potential resolution. On the other hand, the megapixels determine the size of the print, so higher megapixels means larger print sizes, for examples, 6 megapixels are good for 8 x 10 in. prints, 8 megapixels are good for 16 x 20 in. prints.",
    "color": "black",
    "family line": "Pentax K",
    "hd recording format": "1080p (HDTV)",
    "image resolutions": "2304 x 1728",
    "image sensor type": "CMOS\nResolution is measured in megapixels. The higher the megapixels, the sharper and more detailed the pictures your digital camera can take, and the bigger you can enlarge them without losing the sharpness of the image. 3.1 megapixels and higher is usually considered sufficient for print-quality photos. Photos with a resolution of less than 3.1 megapixels are best viewed only on computers.",
    "lcd screen size": "3 in.",
    "manufacturer": "Pentax",
    "part number": "15222",
    "resolution": "16.3 Megapixel",
    "specs": "More details: Description:",
    "weight": "480.81 gr 1.06 lb.\nThe sensor in a digital camera is composed of pixels, which are tiny light-sensitive squares. The sensors in most cameras today are made up of millions of pixels, each one registering the brightness of the light striking it as the photo is taken. A megapixel is the term used for a million pixels \u00e2\u0080\u0094 and the more megapixels an imaging sensor has, the higher the camera's potential resolution. On the other hand, the megapixels determine the size of the print, so higher megapixels means larger print sizes, for examples, 6 megapixels are good for 8 x 10 in. prints, 8 megapixels are good for 16 x 20 in. prints. 1.06 lb.\nA CCD sensor will provide a sharper more precise image, but is generally more power consuming. CMOS sensors are generally more energy efficient and are creating better and better images as technology develops. 2.85 pounds"
}