{
    "<page title>": "CamMarkt | Samsung NX EV-NX300ZBSVUS Wireless SMART Digital Camera 20.3MP C",
    "brand": "Samsung Samsung",
    "catalog number": "EV-NX300ZBSVUS",
    "color": "Brown",
    "digital zoom": "2x\nDiagonal Screen Size is the size of your TV screen, measured diagonally in inches.",
    "display type": "AMOLED",
    "manufacturer": "Samsung",
    "megapixels": "20.3 MP\nThe optical zoom ratio of a digital camera measures how much the lens can actually zoom in to make subjects appear closer. Be careful to not confuse optical zoom with digital zoom. Optical zoom actually enlarges a picture while keeping the resolution and sharpness of the picture high.",
    "model": "NX300",
    "optical zoom": "3x\nUnlike optical zoom, digital zoom magnifies the pixels but not the actual image. The resulting image appears bigger, but is not as sharp as with an optical zoom.",
    "part number": "EV-NX300ZBSVUS",
    "screen size": "3.3'\nLCD stands for 'Liquid Crystal Display.' This is the small screen on the back of a camera that digitally displays the same image you would see through the viewfinder. On many cameras you can also review the pictures stored in the camera's memory on the LCD Panel.",
    "specs": "More details: Description:",
    "type": "Mirrorless Interchangeable Lens",
    "upc": "887276855400",
    "warranty": "1 year parts & labor",
    "weight": "0.62 pounds"
}