{
    "<page title>": "CamMarkt | Nikon D5300 24.2 MP CMOS Digital SLR Camera with Built-in Wi-Fi",
    "brand": "Nikon Nikon",
    "color": "Black",
    "depth": "3 in.",
    "display rotation": "Rotating\nDiagonal Screen Size is the size of your TV screen, measured diagonally in inches.",
    "display type": "Toy camera\nSilhouette\nPerspective Control\nMiniature\nColor sketch\nColor outline\nPortrait\nFisheye\nNeutral\nLandscape\nVivid\nMonochrome\nLCD\nSpecial Effects",
    "flash type": "Pop-up Flash",
    "height": "3.9 in.\nDisplay Rotation",
    "light sensitivity": "ISO 100-12800",
    "light sensitivity max": "25600",
    "manufacturer": "NIKO9",
    "megapixels": "24.2 MP",
    "model": "D5300",
    "part number": "1519",
    "red eye reduction": "Yes",
    "screen size": "3.2'\nLCD stands for 'Liquid Crystal Display.' This is the small screen on the back of a camera that digitally displays the same image you would see through the viewfinder. On many cameras you can also review the pictures stored in the camera's memory on the LCD Panel.",
    "shooting programs": "Autumn color",
    "special effects": "IEEE 802.11b\nHDR Painting\nWireless Image Transferring Protocols",
    "specs": "More details: Description:",
    "type": "Digital SLR",
    "upc": "018208015191",
    "weight": "0 pounds 16.9 Oz.",
    "width": "4.9 in."
}