{
    "<page title>": "CamMarkt | Nikon D600 24.3 MP CMOS FX-Format Digital SLR Camera with 24-85m",
    "brand": "Nikon",
    "camera resolution": "24 Megapixel\nThe sensor in a digital camera is composed of pixels, which are tiny light-sensitive squares. The sensors in most cameras today are made up of millions of pixels, each one registering the brightness of the light striking it as the photo is taken. A megapixel is the term used for a million pixels \u00e2\u0080\u0094 and the more megapixels an imaging sensor has, the higher the camera's potential resolution. On the other hand, the megapixels determine the size of the print, so higher megapixels means larger print sizes, for examples, 6 megapixels are good for 8 x 10 in. prints, 8 megapixels are good for 16 x 20 in. prints.",
    "catalog number": "116380,13187",
    "color": "none",
    "digital zoom": "Without Digital Zoom\nThe optical zoom ratio of a digital camera measures how much the lens can actually zoom in to make subjects appear closer. Be careful to not confuse optical zoom with digital zoom. Optical zoom actually enlarges a picture while keeping the resolution and sharpness of the picture high.",
    "family line": "Nikon D",
    "focal length": "24 - 85 mm",
    "focus type": "Autofocus & Manual Focus\nA CCD sensor will provide a sharper more precise image, but is generally more power consuming. CMOS sensors are generally more energy efficient and are creating better and better images as technology develops.",
    "hd recording format": "1080p (HDTV)",
    "image resolutions": "3008 x 2008",
    "image sensor type": "CMOS\nResolution is measured in megapixels. The higher the megapixels, the sharper and more detailed the pictures your digital camera can take, and the bigger you can enlarge them without losing the sharpness of the image. 3.1 megapixels and higher is usually considered sufficient for print-quality photos. Photos with a resolution of less than 3.1 megapixels are best viewed only on computers.",
    "interchangeable lens": "Not Interchangeable Lenses\nThe distance from the center of the lens to the image of an object at infinity. At same size, the distance from copy to image is four times the focal length of the lens. This also applies to lithographic process lens as well. A 35mm SLR camera has interchangeable lenses that can range in focal length from around 7 to 17mm which are usually fisheye, 17 to 35 are considered wide angle. 50mm is called the standard lens as it has the same equivalent focal length as the human eye. Anything longer is a telephoto lens. Usually expressed in millimeters, smaller focal lengths result in wider fields-of-view.",
    "lcd screen size": "3.2 in.",
    "manufacturer": "Nikon",
    "optical zoom": "Without Optical Zoom\nThe sensor in a digital camera is composed of pixels, which are tiny light-sensitive squares. The sensors in most cameras today are made up of millions of pixels, each one registering the brightness of the light striking it as the photo is taken. A megapixel is the term used for a million pixels \u00e2\u0080\u0094 and the more megapixels an imaging sensor has, the higher the camera's potential resolution. On the other hand, the megapixels determine the size of the print, so higher megapixels means larger print sizes, for examples, 6 megapixels are good for 8 x 10 in. prints, 8 megapixels are good for 16 x 20 in. prints. Without Optical Zoom\nHigher-end cameras may allow you to separate the camera body from the lens, allowing you to interchange lenses for different types of photography.",
    "part number": "13187",
    "resolution": "24 Megapixel",
    "specs": "More details: Description:",
    "upc": "18208131877",
    "weight": "1.68 lb.\nThe optical zoom ratio of a digital camera measures how much the lens can actually zoom in to make subjects appear closer. Be careful to not confuse optical zoom with digital zoom. Optical zoom actually enlarges a picture while keeping the resolution and sharpness of the picture high. 7.5 pounds 1.68 lb.\nUnlike optical zoom, digital zoom magnifies the pixels but not the actual image. The resulting image appears bigger, but is not as sharp as with an optical zoom. 762.03 gr"
}