{
    "<page title>": "CamMarkt | Nikon D5200 DX Format 24 Megapixel Digital SLR Camera Full HD Vi",
    "brand": "NikonEu Nikon",
    "display type": "LCD",
    "manufacturer": "NikonEu",
    "megapixels": "24.1 MP\nDiagonal Screen Size is the size of your TV screen, measured diagonally in inches.",
    "model": "D5200",
    "part number": "1501",
    "screen size": "3'\nLCD stands for 'Liquid Crystal Display.' This is the small screen on the back of a camera that digitally displays the same image you would see through the viewfinder. On many cameras you can also review the pictures stored in the camera's memory on the LCD Panel.",
    "specs": "More details: Description:",
    "type": "Digital SLR",
    "upc": "018208927197",
    "weight": "0 pounds"
}