{
    "<page title>": "CamMarkt | EOS Rebel T3 12MP SLR Camera, EF-S 18-55mm IS II Lens and EF 75-",
    "brand": "Canon Canon",
    "focal length range": "18mm - 55mm\nFocus Adjustment",
    "focus adjustment": "Autofocus & Manual Focus",
    "lens for sd": "EF-S IS II 18-55mm and EF 75-300mm III",
    "manufacturer": "Canon",
    "megapixels": "12.2 MP",
    "model": "1100D / EOS Rebel T3",
    "part number": "5157B002L2-KIT",
    "specs": "More details: Description:",
    "type": "Digital SLR",
    "upc": "847413009776",
    "weight": "0.37 pounds"
}