{
    "<page title>": "CamMarkt | Canon EOS Rebel T3 12.2 MP CMOS Digital SLR with 18-55mm IS II L",
    "brand": "Canon",
    "camera resolution": "12.2 Megapixel",
    "catalog number": "47793,EOST3/B 18-55mm,Q858-5157B002,CND5157B002",
    "color": "Black",
    "family line": "Canon EOS",
    "focus type": "Autofocus & Fixed Focus & Manual\nA CCD sensor will provide a sharper more precise image, but is generally more power consuming. CMOS sensors are generally more energy efficient and are creating better and better images as technology develops.",
    "hd recording format": "720p (HDTV)",
    "image sensor type": "CMOS\nResolution is measured in megapixels. The higher the megapixels, the sharper and more detailed the pictures your digital camera can take, and the bigger you can enlarge them without losing the sharpness of the image. 3.1 megapixels and higher is usually considered sufficient for print-quality photos. Photos with a resolution of less than 3.1 megapixels are best viewed only on computers.",
    "interchangeable lens": "Interchangeable Lenses",
    "lcd screen size": "2.7 in.",
    "manufacturer": "Canon",
    "optical zoom": "3x\nThe sensor in a digital camera is composed of pixels, which are tiny light-sensitive squares. The sensors in most cameras today are made up of millions of pixels, each one registering the brightness of the light striking it as the photo is taken. A megapixel is the term used for a million pixels \u00e2\u0080\u0094 and the more megapixels an imaging sensor has, the higher the camera's potential resolution. On the other hand, the megapixels determine the size of the print, so higher megapixels means larger print sizes, for examples, 6 megapixels are good for 8 x 10 in. prints, 8 megapixels are good for 16 x 20 in. prints. 3x\nHigher-end cameras may allow you to separate the camera body from the lens, allowing you to interchange lenses for different types of photography.",
    "part number": "REBEL T3 BLACK",
    "resolution": "12.2 Megapixel",
    "specs": "More details: Description:",
    "upc": "8714574570051",
    "weight": "1.09 lb.\nThe optical zoom ratio of a digital camera measures how much the lens can actually zoom in to make subjects appear closer. Be careful to not confuse optical zoom with digital zoom. Optical zoom actually enlarges a picture while keeping the resolution and sharpness of the picture high. 494.42 gr 1.09 pounds 1.09 lb.\nThe optical zoom ratio of a digital camera measures how much the lens can actually zoom in to make subjects appear closer. Be careful to not confuse optical zoom with digital zoom. Optical zoom actually enlarges a picture while keeping the resolution and sharpness of the picture high."
}