{
    "<page title>": "CamMarkt | Canon EOS 50D 15.1MP Digital SLR Camera with EF S18-55mm f/3.5-5",
    "brand": "Canon Canon",
    "depth": "2.9 in.",
    "display type": "LCD",
    "height": "4.2 in.\nDiagonal Screen Size is the size of your TV screen, measured diagonally in inches.",
    "manufacturer": "Canon",
    "megapixels": "15.1 MP",
    "model": "50D",
    "part number": "EOS 50D 18-55IS",
    "screen size": "3'\nLCD stands for 'Liquid Crystal Display.' This is the small screen on the back of a camera that digitally displays the same image you would see through the viewfinder. On many cameras you can also review the pictures stored in the camera's memory on the LCD Panel.",
    "specs": "More details: Description:",
    "type": "Digital SLR",
    "upc": "915436789750",
    "weight": "25.7 Oz. 0 pounds",
    "width": "5.7 in."
}