{
    "35mm zoom lens": "29 - 88 mm",
    "<page title>": "CamMarkt | Canon EOS Rebel T5i 18.0 MP CMOS Digital SLR with 18-55mm EF-S I",
    "brand": "Canon",
    "camera resolution": "640 x 480\n1920 x 1280\n3072 x 2304\n1920 x 1080\n3456 x 2304\n3456 x 1944\n4608 x 3456\n5184 x 3456\n480 x 480\n18.5 Megapixel\nThe sensor in a digital camera is composed of pixels, which are tiny light-sensitive squares. The sensors in most cameras today are made up of millions of pixels, each one registering the brightness of the light striking it as the photo is taken. A megapixel is the term used for a million pixels \u00e2\u0080\u0094 and the more megapixels an imaging sensor has, the higher the camera's potential resolution. On the other hand, the megapixels determine the size of the print, so higher megapixels means larger print sizes, for examples, 6 megapixels are good for 8 x 10 in. prints, 8 megapixels are good for 16 x 20 in. prints.",
    "catalog number": "122876,8595B003",
    "color": "none",
    "family line": "Canon EOS",
    "focus range": "9.8 in. to Infinity (w)",
    "focus type": "Autofocus & Manual Focus",
    "image resolutions": "720 x 480",
    "image sensor type": "CMOS\nResolution is measured in megapixels. The higher the megapixels, the sharper and more detailed the pictures your digital camera can take, and the bigger you can enlarge them without losing the sharpness of the image. 3.1 megapixels and higher is usually considered sufficient for print-quality photos. Photos with a resolution of less than 3.1 megapixels are best viewed only on computers.",
    "lcd screen size": "3 in.",
    "manufacturer": "Canon",
    "part number": "8595B003",
    "resolution": "18.5 Megapixel",
    "shutter speed": "30 - 1/4000 sec",
    "specs": "More details: Description:",
    "video format": "1280 x 720\n1920 x 1080\nMPEG-4\nMany digital cameras let you record short clips of highly compressed, low-resolution video, either as an MPEG movie or a Motion JPEG movie. This number shows the actual optimal size for a movie captured on your camera.",
    "video resolutions": "640 x 480 (VGA)\nA CCD sensor will provide a sharper more precise image, but is generally more power consuming. CMOS sensors are generally more energy efficient and are creating better and better images as technology develops.",
    "weight": "1.28 lb.\nThe sensor in a digital camera is composed of pixels, which are tiny light-sensitive squares. The sensors in most cameras today are made up of millions of pixels, each one registering the brightness of the light striking it as the photo is taken. A megapixel is the term used for a million pixels \u00e2\u0080\u0094 and the more megapixels an imaging sensor has, the higher the camera's potential resolution. On the other hand, the megapixels determine the size of the print, so higher megapixels means larger print sizes, for examples, 6 megapixels are good for 8 x 10 in. prints, 8 megapixels are good for 16 x 20 in. prints. 580.6 gr Daylight / Sunny (Preset)\nCloudy (Preset)\nFluorescent (Preset)\nTungsten (Preset)\nShade (Preset)\nFlash (Preset)\n1.28 lb.\nThe white balance of a digital camera controls the color outcome of pictures. All light gives off a color temperature which the camera analyzes and internally adjusts, so that the colors of the picture are captured in their true form. Without the proper white balance, the color in a photo may contain an overabundance of blue, green or orange hues. 1.16 pounds",
    "white balance": "Auto\nThe shutter speed of a camera depends on two variables: the size of the lens and the actual timing of the shutter, opening and closing. These two factors work as a team to control the amount of light that enters the camera. This is measured in fractions on a shutter speed dial which illustrate how long the shutter opens and closes in a set period of time. The term speed refers to how long the lens remains open. For example, a setting of 1/60 on a shutter speed dial means that the shutter opens and closes within one sixtieth of a second. Various shutter speeds can be used to manipulate the final result of the picture. Usually, a faster shutter speed is used to freeze the scene, for motion shots, while a slower speed is used to create more of an unfocused, abstract result."
}