{
    "<page title>": "CamMarkt | Olympus E-5 12.3MP Digital SLR with 3-inch LCD [Body Only] (Blac",
    "brand": "Olympus",
    "builtin microphone": "SD Card\nSDHC Card\nSDXC Card\nWith Built-in Microphone\nThere are many types of memory / media for digital cameras, but most models are compatible with only one. The most common are CompactFlash and SmartMedia. Many other cameras use Memory Stick and some write the pictures directly onto mini-CDs or floppy disks. It is helpful to choose some sort of memory device that is easy to find in stores, in case you need to purchase extra.",
    "camera resolution": "3200 x 2400\n2560 x 1920\n1600 x 1200\n1280 x 960\n1024 x 768\n4032 x 3024\n12.3 Megapixel\nThe sensor in a digital camera is composed of pixels, which are tiny light-sensitive squares. The sensors in most cameras today are made up of millions of pixels, each one registering the brightness of the light striking it as the photo is taken. A megapixel is the term used for a million pixels \u00e2\u0080\u0094 and the more megapixels an imaging sensor has, the higher the camera's potential resolution. On the other hand, the megapixels determine the size of the print, so higher megapixels means larger print sizes, for examples, 6 megapixels are good for 8 x 10 in. prints, 8 megapixels are good for 16 x 20 in. prints.",
    "camera type": "Standard Point and Shoot",
    "catalog number": "262865,37525",
    "compression modes": "Raw Image\nDCF\nDPOF\nUncompressed\nMany cameras include different settings to control photo resolution. The resolution of the pictures you take affects their quality as well as the amount of memory they utilize. Higher resolution results in higher quality, but takes up more memory.",
    "compression type": "Fill-in Flash\nRed-eye Reduction Flash\nSlow Sync\nManual\nJPEG\nIf the camera has a built-in flash, it might have several different flash functions, such as on/off or anti-redeye flash.",
    "depth": "2.9 in. 7.4 cm",
    "display type": "With LCD Screen",
    "family line": "Olympus E",
    "features": "Face Detection Image Stabilization",
    "flash functions": "Auto Flash",
    "flash type": "100\n6400\nBuilt-In & External\nISO stands for International Standards Organization. It denotes the rating of a film's sensitivity to light (based on an arithmetical progression). Though digital cameras don't use film, they have adopted the same rating system for describing the sensitivity of the camera's imaging sensor. Digital cameras often include a control for adjusting the ISO speed; some will adjust it automatically depending on the lighting conditions, adjusting it upwards as the available light dims. For exampe, ISO 200 film is twice as fast as ISO 100 film but only half as fast as ISO 400. The scale is identical to ASA (American Standards Association). Generally, with higher ISO speeds there is more noise.",
    "focus type": "Autofocus",
    "frames per second": "Daylight / Sunny (Preset)\nCloudy (Preset)\nFluorescent (Preset)\nShade (Preset)\nHalogen (Preset)\nFlash (Preset)\n5 Frames\nThe white balance of a digital camera controls the color outcome of pictures. All light gives off a color temperature which the camera analyzes and internally adjusts, so that the colors of the picture are captured in their true form. Without the proper white balance, the color in a photo may contain an overabundance of blue, green or orange hues.",
    "hd recording format": "720p (HDTV)",
    "height": "11.7 cm 4.6 in.",
    "image resolutions": "640 x 480",
    "image sensor type": "MOS\nResolution is measured in megapixels. The higher the megapixels, the sharper and more detailed the pictures your digital camera can take, and the bigger you can enlarge them without losing the sharpness of the image. 3.1 megapixels and higher is usually considered sufficient for print-quality photos. Photos with a resolution of less than 3.1 megapixels are best viewed only on computers.",
    "included accessories": "AV Cable Software USB Cable Battery Charger Shoulder Strap Li-Ion Rechargable Battery",
    "interchangeable lens": "Not Interchangeable Lenses",
    "iso speeds": "Auto",
    "lcd screen size": "3 in.",
    "manufacturer": "Olympus",
    "memory type": "CompactFlash Card Type I",
    "part number": "E-5 Body",
    "proofing features": "Dust proof\nThe sensor in a digital camera is composed of pixels, which are tiny light-sensitive squares. The sensors in most cameras today are made up of millions of pixels, each one registering the brightness of the light striking it as the photo is taken. A megapixel is the term used for a million pixels \u00e2\u0080\u0094 and the more megapixels an imaging sensor has, the higher the camera's potential resolution. On the other hand, the megapixels determine the size of the print, so higher megapixels means larger print sizes, for examples, 6 megapixels are good for 8 x 10 in. prints, 8 megapixels are good for 16 x 20 in. prints.",
    "resolution": "12.3 Megapixel\nThere are several different types of digital cameras. Compact and Ultra-compact are light, pocket-sized cameras that are easy to carry, usually with a built-in lens. Standard point-and-shoot cameras are of medium size, usually come with a built-in lens, and have basic features that are useful for the casual photographer. SLR/Professional cameras are usually larger, but offer more advanced features and detachable lenses for the photography enthusiast or professional.",
    "self timer": "2 Sec. 12 Sec.",
    "specs": "More details: Description:",
    "upc": "4545350032401",
    "video format": "HD (High Definition) Motion JPEG HD (1280 x 720)\nAVI\nMany digital cameras let you record short clips of highly compressed, low-resolution video, either as an MPEG movie or a Motion JPEG movie. This number shows the actual optimal size for a movie captured on your camera.",
    "video resolutions": "640 x 480 (VGA)\nA CCD sensor will provide a sharper more precise image, but is generally more power consuming. CMOS sensors are generally more energy efficient and are creating better and better images as technology develops.",
    "viewfinder": "Optical (Through-the-lens)\nLCD stands for 'Liquid Crystal Display.' This is the small screen on the back of a camera that digitally displays the same image you would see through the viewfinder. On many cameras you can also review the pictures stored in the camera's memory on the LCD Panel.",
    "weight": "893.58 gr 1.76 pounds 1.97 lb. 1.97 lb.",
    "white balance": "Auto\nHigher-end cameras may allow you to separate the camera body from the lens, allowing you to interchange lenses for different types of photography.",
    "width": "14.2 cm\nA viewfinder is the small square on the back of a camera that you look through to compose the scene. Some cameras have small screens on the back that act as viewfinders. Other cameras have small glass areas through which you can look out of the front of the camera. 5.6 in."
}