{
    "<page title>": "CamMarkt | Nikon D3100 14.2MP Digital SLR Camera with 18-55mm VR, 55-200mm",
    "brand": "Nikon",
    "builtin microphone": "With Built-in Microphone",
    "camera resolution": "4608 x 3072\n3456 x 2304\n14.2 Megapixel\nThe sensor in a digital camera is composed of pixels, which are tiny light-sensitive squares. The sensors in most cameras today are made up of millions of pixels, each one registering the brightness of the light striking it as the photo is taken. A megapixel is the term used for a million pixels \u00e2\u0080\u0094 and the more megapixels an imaging sensor has, the higher the camera's potential resolution. On the other hand, the megapixels determine the size of the print, so higher megapixels means larger print sizes, for examples, 6 megapixels are good for 8 x 10 in. prints, 8 megapixels are good for 16 x 20 in. prints.",
    "camera type": "SLR/Professional",
    "catalog number": "K-75696-",
    "color": "Black",
    "compression modes": "Raw Image\nDPOF\nEXIF 2.21\nDCF 2.0\nUncompressed\nMany cameras include different settings to control photo resolution. The resolution of the pictures you take affects their quality as well as the amount of memory they utilize. Higher resolution results in higher quality, but takes up more memory.",
    "compression type": "Auto Flash\nRear Sync Flash\nFill-in Flash\nRed-eye Reduction Flash\nSlow Sync\nJPEG\nIf the camera has a built-in flash, it might have several different flash functions, such as on/off or anti-redeye flash.",
    "depth": "7.4 cm 2.9 in.",
    "display type": "With LCD Screen",
    "family line": "Nikon D",
    "features": "Red-eye Correction Image Stabilization AF Tracking",
    "flash functions": "Flash Off",
    "flash type": "3200\n6400\n12800\nBuilt-In & External\nISO stands for International Standards Organization. It denotes the rating of a film's sensitivity to light (based on an arithmetical progression). Though digital cameras don't use film, they have adopted the same rating system for describing the sensitivity of the camera's imaging sensor. Digital cameras often include a control for adjusting the ISO speed; some will adjust it automatically depending on the lighting conditions, adjusting it upwards as the available light dims. For exampe, ISO 200 film is twice as fast as ISO 100 film but only half as fast as ISO 400. The scale is identical to ASA (American Standards Association). Generally, with higher ISO speeds there is more noise.",
    "hd recording format": "1080p (HDTV) 720p (HDTV)",
    "height": "3.8 in. 9.7 cm",
    "image resolutions": "2304 x 1536",
    "image sensor type": "CCD\nResolution is measured in megapixels. The higher the megapixels, the sharper and more detailed the pictures your digital camera can take, and the bigger you can enlarge them without losing the sharpness of the image. 3.1 megapixels and higher is usually considered sufficient for print-quality photos. Photos with a resolution of less than 3.1 megapixels are best viewed only on computers.",
    "included accessories": "Strap Battery Charger Software Battery Pack",
    "interface type": "USB 2.0",
    "iso speeds": "100",
    "lcd protected position": "Without LCD Protected Position\nA viewfinder is the small square on the back of a camera that you look through to compose the scene. Some cameras have small screens on the back that act as viewfinders. Other cameras have small glass areas through which you can look out of the front of the camera.",
    "lcd screen resolution": "230,000 pixels",
    "lcd screen size": "3 in.",
    "manufacturer": "Nikon",
    "max movie length": "600 Seconds",
    "memory type": "SD Card",
    "part number": "13290",
    "release date": "September, 2010",
    "resolution": "14.2 Megapixel\nThere are several different types of digital cameras. Compact and Ultra-compact are light, pocket-sized cameras that are easy to carry, usually with a built-in lens. Standard point-and-shoot cameras are of medium size, usually come with a built-in lens, and have basic features that are useful for the casual photographer. SLR/Professional cameras are usually larger, but offer more advanced features and detachable lenses for the photography enthusiast or professional.",
    "self timer": "2 Sec. 10 Sec.",
    "specs": "More details: Description:",
    "tripod mount": "SDHC Card\nSDXC Card\nWith Tripod Mount\nThere are many types of memory / media for digital cameras, but most models are compatible with only one. The most common are CompactFlash and SmartMedia. Many other cameras use Memory Stick and some write the pictures directly onto mini-CDs or floppy disks. It is helpful to choose some sort of memory device that is easy to find in stores, in case you need to purchase extra.",
    "upc": "18208097982",
    "video format": "HD (1280 x 720)\n1920 x 1080\nQuickTime\nMany digital cameras let you record short clips of highly compressed, low-resolution video, either as an MPEG movie or a Motion JPEG movie. This number shows the actual optimal size for a movie captured on your camera.",
    "video interface": "Video Out",
    "video resolutions": "640 x 424\nA CCD sensor will provide a sharper more precise image, but is generally more power consuming. CMOS sensors are generally more energy efficient and are creating better and better images as technology develops.",
    "video speed": "24 fps",
    "viewfinder": "Optical (Through-the-lens)\nLCD stands for 'Liquid Crystal Display.' This is the small screen on the back of a camera that digitally displays the same image you would see through the viewfinder. On many cameras you can also review the pictures stored in the camera's memory on the LCD Panel.",
    "weight": "1 pounds 1 lb. 453.59 gr 1 lb.\nThe sensor in a digital camera is composed of pixels, which are tiny light-sensitive squares. The sensors in most cameras today are made up of millions of pixels, each one registering the brightness of the light striking it as the photo is taken. A megapixel is the term used for a million pixels \u00e2\u0080\u0094 and the more megapixels an imaging sensor has, the higher the camera's potential resolution. On the other hand, the megapixels determine the size of the print, so higher megapixels means larger print sizes, for examples, 6 megapixels are good for 8 x 10 in. prints, 8 megapixels are good for 16 x 20 in. prints.",
    "width": "4.9 in. HDMI\n12.4 cm\nThe method by which your camera will communicate with your computer or other video device. Different methods enable you to download photos at varying speeds. Make sure the interface you want is also compatible with the computer you want to use it with."
}